||||FACULTATEA DE INGINERIE ELECTRICĂ ŞI ŞTIINŢA CALCULATOARELOR - ANUL UNIVERSITAR 2016-2017 - ORAR SEMESTRUL I|FACULTATEA DE INGINERIE ELECTRICĂ ŞI ŞTIINŢA CALCULATOARELOR - ANUL UNIVERSITAR 2016-2017 - ORAR SEMESTRUL I|FACULTATEA DE INGINERIE ELECTRICĂ ŞI ŞTIINŢA CALCULATOARELOR - ANUL UNIVERSITAR 2016-2017 - ORAR SEMESTRUL I|FACULTATEA DE INGINERIE ELECTRICĂ ŞI ŞTIINŢA CALCULATOARELOR - ANUL UNIVERSITAR 2016-2017 - ORAR SEMESTRUL I|FACULTATEA DE INGINERIE ELECTRICĂ ŞI ŞTIINŢA CALCULATOARELOR - ANUL UNIVERSITAR 2016-2017 - ORAR SEMESTRUL I|FACULTATEA DE INGINERIE ELECTRICĂ ŞI ŞTIINŢA CALCULATOARELOR - ANUL UNIVERSITAR 2016-2017 - ORAR SEMESTRUL I|FACULTATEA DE INGINERIE ELECTRICĂ ŞI ŞTIINŢA CALCULATOARELOR - ANUL UNIVERSITAR 2016-2017 - ORAR SEMESTRUL I|FACULTATEA DE INGINERIE ELECTRICĂ ŞI ŞTIINŢA CALCULATOARELOR - ANUL UNIVERSITAR 2016-2017 - ORAR SEMESTRUL I|FACULTATEA DE INGINERIE ELECTRICĂ ŞI ŞTIINŢA CALCULATOARELOR - ANUL UNIVERSITAR 2016-2017 - ORAR SEMESTRUL I|FACULTATEA DE INGINERIE ELECTRICĂ ŞI ŞTIINŢA CALCULATOARELOR - ANUL UNIVERSITAR 2016-2017 - ORAR SEMESTRUL I|FACULTATEA DE INGINERIE ELECTRICĂ ŞI ŞTIINŢA CALCULATOARELOR - ANUL UNIVERSITAR 2016-2017 - ORAR SEMESTRUL I|FACULTATEA DE INGINERIE ELECTRICĂ ŞI ŞTIINŢA CALCULATOARELOR - ANUL UNIVERSITAR 2016-2017 - ORAR SEMESTRUL I|FACULTATEA DE INGINERIE ELECTRICĂ ŞI ŞTIINŢA CALCULATOARELOR - ANUL UNIVERSITAR 2016-2017 - ORAR SEMESTRUL I|FACULTATEA DE INGINERIE ELECTRICĂ ŞI ŞTIINŢA CALCULATOARELOR - ANUL UNIVERSITAR 2016-2017 - ORAR SEMESTRUL I|FACULTATEA DE INGINERIE ELECTRICĂ ŞI ŞTIINŢA CALCULATOARELOR - ANUL UNIVERSITAR 2016-2017 - ORAR SEMESTRUL I|FACULTATEA DE INGINERIE ELECTRICĂ ŞI ŞTIINŢA CALCULATOARELOR - ANUL UNIVERSITAR 2016-2017 - ORAR SEMESTRUL I|FACULTATEA DE INGINERIE ELECTRICĂ ŞI ŞTIINŢA CALCULATOARELOR - ANUL UNIVERSITAR 2016-2017 - ORAR SEMESTRUL I|FACULTATEA DE INGINERIE ELECTRICĂ ŞI ŞTIINŢA CALCULATOARELOR - ANUL UNIVERSITAR 2016-2017 - ORAR SEMESTRUL I|FACULTATEA DE INGINERIE ELECTRICĂ ŞI ŞTIINŢA CALCULATOARELOR - ANUL UNIVERSITAR 2016-2017 - ORAR SEMESTRUL I|FACULTATEA DE INGINERIE ELECTRICĂ ŞI ŞTIINŢA CALCULATOARELOR - ANUL UNIVERSITAR 2016-2017 - ORAR SEMESTRUL I|FACULTATEA DE INGINERIE ELECTRICĂ ŞI ŞTIINŢA CALCULATOARELOR - ANUL UNIVERSITAR 2016-2017 - ORAR SEMESTRUL I|FACULTATEA DE INGINERIE ELECTRICĂ ŞI ŞTIINŢA CALCULATOARELOR - ANUL UNIVERSITAR 2016-2017 - ORAR SEMESTRUL I|FACULTATEA DE INGINERIE ELECTRICĂ ŞI ŞTIINŢA CALCULATOARELOR - ANUL UNIVERSITAR 2016-2017 - ORAR SEMESTRUL I|FACULTATEA DE INGINERIE ELECTRICĂ ŞI ŞTIINŢA CALCULATOARELOR - ANUL UNIVERSITAR 2016-2017 - ORAR SEMESTRUL I|FACULTATEA DE INGINERIE ELECTRICĂ ŞI ŞTIINŢA CALCULATOARELOR - ANUL UNIVERSITAR 2016-2017 - ORAR SEMESTRUL I|FACULTATEA DE INGINERIE ELECTRICĂ ŞI ŞTIINŢA CALCULATOARELOR - ANUL UNIVERSITAR 2016-2017 - ORAR SEMESTRUL I|FACULTATEA DE INGINERIE ELECTRICĂ ŞI ŞTIINŢA CALCULATOARELOR - ANUL UNIVERSITAR 2016-2017 - ORAR SEMESTRUL I|FACULTATEA DE INGINERIE ELECTRICĂ ŞI ŞTIINŢA CALCULATOARELOR - ANUL UNIVERSITAR 2016-2017 - ORAR SEMESTRUL I|FACULTATEA DE INGINERIE ELECTRICĂ ŞI ŞTIINŢA CALCULATOARELOR - ANUL UNIVERSITAR 2016-2017 - ORAR SEMESTRUL I|FACULTATEA DE INGINERIE ELECTRICĂ ŞI ŞTIINŢA CALCULATOARELOR - ANUL UNIVERSITAR 2016-2017 - ORAR SEMESTRUL I|FACULTATEA DE INGINERIE ELECTRICĂ ŞI ŞTIINŢA CALCULATOARELOR - ANUL UNIVERSITAR 2016-2017 - ORAR SEMESTRUL I|FACULTATEA DE INGINERIE ELECTRICĂ ŞI ŞTIINŢA CALCULATOARELOR - ANUL UNIVERSITAR 2016-2017 - ORAR SEMESTRUL I|FACULTATEA DE INGINERIE ELECTRICĂ ŞI ŞTIINŢA CALCULATOARELOR - ANUL UNIVERSITAR 2016-2017 - ORAR SEMESTRUL I|FACULTATEA DE INGINERIE ELECTRICĂ ŞI ŞTIINŢA CALCULATOARELOR - ANUL UNIVERSITAR 2016-2017 - ORAR SEMESTRUL I|FACULTATEA DE INGINERIE ELECTRICĂ ŞI ŞTIINŢA CALCULATOARELOR - ANUL UNIVERSITAR 2016-2017 - ORAR SEMESTRUL I
||||LUNI|LUNI|LUNI|LUNI|LUNI|LUNI|LUNI|MARTI|MARTI|MARTI|MARTI|MARTI|MARTI|MARTI|MIERCURI|MIERCURI|MIERCURI|MIERCURI|MIERCURI|MIERCURI|MIERCURI|JOI|JOI|JOI|JOI|JOI|JOI|JOI|VINERI|VINERI|VINERI|VINERI|VINERI|VINERI|VINERI
Anul|Spec.|Grupa|Sgr.|8,00-9,50|10,00-11,50|12,00-13,50|14,00-15,50|16,00-17,50|18,00-19,50|20,00-21,50|8,00-9,50|10,00-11,50|12,00-13,50|14,00-15,50|16,00-17,50|18,00-19,50|20,00-21,50|8,00-9,50|10,00-11,50|12,00-13,50|14,00-15,50|16,00-17,50|18,00-19,50|20,00-21,50|8,00-9,50|10,00-11,50|12,00-13,50|14,00-15,50|16,00-17,50|18,00-19,50|20,00-21,50|8,00-9,50|10,00-11,50|12,00-13,50|14,00-15,50|16,00-17,50|18,00-19,50|20,00-21,50
1|ET|4161|A|Engleza, S, NI11, Sasu_E_L||PCLP I, C, NI1, Firastrau_I|CHIMIE, L, FI3, Covei_M|A Matem, C, CP6, Paltanea_E|Pedagogie, C, TI8, Lazar_C_M|||Pedagogie, S, PI5, Mosoi_A|AM, S, NI11, Paltanea_E||L. engleza, S, NI11, Sasu_E_L|||Com., C, NI1, Munteanu_A|ALGAD, C, NI1, Voicu_N|ALGAED, S, NI11, Voicu_N|||PCLP, L, NII8, Boer_A_L||MPT, L, GP17, Andreescu_A_B|MPT, C, II6, Andreescu_A_B|||CHIMIE, C, NI1, Covei_M|Comunicare, S, NI1, Moasa_B
1|ET|4161|A|||PCLP I, C, NI1, Firastrau_I|A Matem, C, CP6, Paltanea_E|A Matem, C, CP6, Paltanea_E|Pedagogie, C, TI8, Lazar_C_M|||Pedagogie, S, PI5, Mosoi_A|AM, S, NI11, Paltanea_E|||||ALGAD, C, NI1, Voicu_N|ALGAD, C, NI1, Voicu_N|ALGAED, S, NI11, Voicu_N|||PCLP, L, NII8, Boer_A_L|||MPT, C, II6, Andreescu_A_B|||CHIMIE, C, NI1, Covei_M|Comunicare, S, NI1, Moasa_B|||||Engleza, C, NI1, Sasu_E_L
1|ET|4161|B|Engleza, S, NI11, Sasu_E_L||PCLP I, C, NI1, Firastrau_I||A Matem, C, CP6, Paltanea_E|Pedagogie, C, TI8, Lazar_C_M|||Pedagogie, S, PI5, Mosoi_A|AM, S, NI11, Paltanea_E||L. engleza, S, NI11, Sasu_E_L|||Com., C, NI1, Munteanu_A|ALGAD, C, NI1, Voicu_N|ALGAED, S, NI11, Voicu_N|PCLP, L, NII8, Boer_A_L|||||MPT, C, II6, Andreescu_A_B|||CHIMIE, C, NI1, Covei_M|Comunicare, S, NI1, Moasa_B
1|ET|4161|B|||PCLP I, C, NI1, Firastrau_I|A Matem, C, CP6, Paltanea_E|A Matem, C, CP6, Paltanea_E|Pedagogie, C, TI8, Lazar_C_M|||Pedagogie, S, PI5, Mosoi_A|AM, S, NI11, Paltanea_E|CHIMIE, L, FP4, Covei_M||||ALGAD, C, NI1, Voicu_N|ALGAD, C, NI1, Voicu_N|ALGAED, S, NI11, Voicu_N|PCLP, L, NII8, Boer_A_L||||MPT, L, GP17, Andreescu_A_B|MPT, C, II6, Andreescu_A_B|||CHIMIE, C, NI1, Covei_M|Comunicare, S, NI1, Moasa_B|||||Engleza, C, NI1, Sasu_E_L
1|ET|4162|A|||PCLP I, C, NI1, Firastrau_I|Engleza, S, NI11, Sasu_E_L|A Matem, C, CP6, Paltanea_E|Pedagogie, C, TI8, Lazar_C_M|||Pedagogie, S, PI5, Mosoi_A|CHIMIE, L, FI3, Covei_M|AM, S, NI11, Paltanea_E||||Com., C, NI1, Munteanu_A|ALGAD, C, NI1, Voicu_N|ALGD, S, PP1, Ionescu_A||PCLP, L, NII8, Boer_A_L||||MPT, C, II6, Andreescu_A_B|MPT, L, GP17, Andreescu_A_B||CHIMIE, C, NI1, Covei_M|Comunicare, S, NI1, Moasa_B
1|ET|4162|A|||PCLP I, C, NI1, Firastrau_I|A Matem, C, CP6, Paltanea_E|A Matem, C, CP6, Paltanea_E|Pedagogie, C, TI8, Lazar_C_M|||Pedagogie, S, PI5, Mosoi_A||AM, S, NI11, Paltanea_E|L. engleza, S, NI11, Sasu_E_L|||ALGAD, C, NI1, Voicu_N|ALGAD, C, NI1, Voicu_N|ALGD, S, PP1, Ionescu_A||PCLP, L, NII8, Boer_A_L||||MPT, C, II6, Andreescu_A_B|||CHIMIE, C, NI1, Covei_M|Comunicare, S, NI1, Moasa_B|||||Engleza, C, NI1, Sasu_E_L
1|ET|4162|B||PCLP, L, NII8, Boer_A_L|PCLP I, C, NI1, Firastrau_I|Engleza, S, NI11, Sasu_E_L|A Matem, C, CP6, Paltanea_E|Pedagogie, C, TI8, Lazar_C_M|||Pedagogie, S, PI5, Mosoi_A||AM, S, NI11, Paltanea_E||||Com., C, NI1, Munteanu_A|ALGAD, C, NI1, Voicu_N|ALGD, S, PP1, Ionescu_A||||||MPT, C, II6, Andreescu_A_B|||CHIMIE, C, NI1, Covei_M|Comunicare, S, NI1, Moasa_B
1|ET|4162|B||PCLP, L, NII8, Boer_A_L|PCLP I, C, NI1, Firastrau_I|A Matem, C, CP6, Paltanea_E|A Matem, C, CP6, Paltanea_E|Pedagogie, C, TI8, Lazar_C_M|||Pedagogie, S, PI5, Mosoi_A|CHIMIE, L, FI3, Covei_M|AM, S, NI11, Paltanea_E|L. engleza, S, NI11, Sasu_E_L|||ALGAD, C, NI1, Voicu_N|ALGAD, C, NI1, Voicu_N|ALGD, S, PP1, Ionescu_A||||||MPT, C, II6, Andreescu_A_B|MPT, L, GP17, Andreescu_A_B||CHIMIE, C, NI1, Covei_M|Comunicare, S, NI1, Moasa_B|||||Engleza, C, NI1, Sasu_E_L
2|ET|4151|A|||PR.III,L,NII8, Serban_I||Pedagogie, S, NII1, Mosoi_A||||||TCE, S, NP15, Bidian_D_S|El.An., C, LIII4, Craciun_A_V|El.An., S, LIII4, Craciun_A_V||EIM, L, CI10, Guiman_M_V|MN, L, NP19, Lungoci_C_M||EIM, C, NI1, Enescu_Ioan||||Mat.el..,C, NI1, Munteanu_A|TCE, C, NI1, Munteanu_A|MN, C, NI1, Lungoci_C_M|PR.III,P,NII8, Serban_I|Pedagogie, C, PII1, Lazar_C_M|||El.Dig., L, VIII16, Floroian_L|Mat.el.,L, NP15, Calin_M_D|El.Dig., C, NI1, Floroian_L|Engleza, C, NI1, Sasu_E_L
2|ET|4151|A|Engleza, S, NI11, Sasu_E_L||PR.III,L,NII8, Serban_I||Pedagogie, S, NII1, Mosoi_A||||||TCE, S, NP15, Bidian_D_S|El.An., C, LIII4, Craciun_A_V||||MN, L, NP19, Lungoci_C_M||TCE, C, NI1, Munteanu_A||||Mat.el..,C, NI1, Munteanu_A|TCE, C, NI1, Munteanu_A|PR.III,C,NI1, Serban_I||Pedagogie, C, PII1, Lazar_C_M|||El.An., L, NIII6, Craciun_A_V|Mat.el.,L, NP15, Calin_M_D|El.Dig., C, NI1, Floroian_L
2|ET|4151|B|||Mat.el.,L, NP15, Serban_M|PR.III,L,NII8, Serban_I|Pedagogie, S, NII1, Mosoi_A||||||TCE, S, NP15, Bidian_D_S|El.An., C, LIII4, Craciun_A_V|El.An., S, LIII4, Craciun_A_V||||MN, L, NP19, Lungoci_C_M|EIM, C, NI1, Enescu_Ioan||||Mat.el..,C, NI1, Munteanu_A|TCE, C, NI1, Munteanu_A|MN, C, NI1, Lungoci_C_M|PR.III,P,NII8, Serban_I|Pedagogie, C, PII1, Lazar_C_M||||El.Dig., L, VIII16, Floroian_L|El.Dig., C, NI1, Floroian_L|Engleza, C, NI1, Sasu_E_L
2|ET|4151|B|Engleza, S, NI11, Sasu_E_L||Mat.el.,L, NP15, Serban_M|PR.III,L,NII8, Serban_I|Pedagogie, S, NII1, Mosoi_A||||||TCE, S, NP15, Bidian_D_S|El.An., C, LIII4, Craciun_A_V||||EIM, L, CI10, Guiman_M_V|MN, L, NP19, Lungoci_C_M|TCE, C, NI1, Munteanu_A||||Mat.el..,C, NI1, Munteanu_A|TCE, C, NI1, Munteanu_A|PR.III,C,NI1, Serban_I||Pedagogie, C, PII1, Lazar_C_M||||El.An., L, NIII6, Craciun_A_V|El.Dig., C, NI1, Floroian_L
2|ET|4152|A||||Mat.el.,L, NP15, Moasa_B|PR.III,L,NII8, Serban_I|||||TCE, S, NP15, Bidian_D_S||El.An., C, LIII4, Craciun_A_V|||MN, L, NP19, Lungoci_C_M|EIM, L, CI10, Guiman_M_V||EIM, C, NI1, Enescu_Ioan||||Mat.el..,C, NI1, Munteanu_A|TCE, C, NI1, Munteanu_A|MN, C, NI1, Lungoci_C_M||Pedagogie, C, PII1, Lazar_C_M||||El.An., L, NIII6, Craciun_A_V|El.Dig., C, NI1, Floroian_L|Engleza, C, NI1, Sasu_E_L
2|ET|4152|A|Engleza, S, NI11, Sasu_E_L|||Mat.el.,L, NP15, Moasa_B|PR.III,L,NII8, Serban_I|||||TCE, S, NP15, Bidian_D_S||El.An., C, LIII4, Craciun_A_V|El.An., S, LIII4, Craciun_A_V||MN, L, NP19, Lungoci_C_M|||TCE, C, NI1, Munteanu_A||||Mat.el..,C, NI1, Munteanu_A|TCE, C, NI1, Munteanu_A|PR.III,C,NI1, Serban_I|PR.III,P,NII8, Serban_I|Pedagogie, C, PII1, Lazar_C_M||||El.Dig., L, VIII16, Floroian_L|El.Dig., C, NI1, Floroian_L
2|ET|4152|B
2|ET|4152|B
3|ET|4141|A|||ST, L, NP17, Lelutiu_L_M|ST, C, NP17, Lelutiu_L_M|PUM, C, VIII9, Floroian_D_I||||CELM, L, NI6, Nistor_C_G|||PTDE, L, NP15, Mihai_C|CELM, C, NP15, Peter_I|CELM, P, NP15, Peter_I|CS, L, NI6, Georgescu_M_C|CS, L, NI6, Georgescu_M_C|PUM, L, VIII16, Floroian_D_I|PRSE,C,NP17, Nistor_C_G|PRSE,L,NP17, Nistor_C_G|||Drept, C, NI11, Gheorghe_C_A|PTDE, C, NII8, Ion_C_P||||Pedagogie, C, JV2, Gheza_C_F|||CS, C, NP18, Georgescu_M_C
3|ET|4141|A||||ST, C, NP17, Lelutiu_L_M|PUM, C, VIII9, Floroian_D_I||||CELM, L, NI6, Nistor_C_G|||PRSE,P,NP18, Nistor_C_G|CELM, C, NP15, Peter_I||CS, L, NI6, Georgescu_M_C||PUM, L, VIII16, Floroian_D_I|PRSE,C,NP17, Nistor_C_G||||Drept, S, NI11, Gheorghe_C_A|PTDE, C, NII8, Ion_C_P||PTDE, P, NP17, Ion_C_P||Pedagogie, C, JV2, Gheza_C_F|||CS, C, NP18, Georgescu_M_C|CS, P, NI6, Georgescu_M_C
3|ET|4141|B||||ST, C, NP17, Lelutiu_L_M|PUM, C, VIII9, Floroian_D_I|PUM, L, VIII16, Floroian_D_I||||CELM, L, NI6, Nistor_C_G||Pedagogie, S, KB14, Jude_I|CELM, C, NP15, Peter_I|CELM, P, NP15, Peter_I|||CS, L, NI6, Georgescu_M_C|PRSE,C,NP17, Nistor_C_G||||Drept, C, NI11, Gheorghe_C_A|PTDE, C, NII8, Ion_C_P||||Pedagogie, C, JV2, Gheza_C_F|||CS, C, NP18, Georgescu_M_C
3|ET|4141|B|||ST, L, NP17, Lelutiu_L_M|ST, C, NP17, Lelutiu_L_M|PUM, C, VIII9, Floroian_D_I|PUM, L, VIII16, Floroian_D_I||||CELM, L, NI6, Nistor_C_G||PRSE,P,NP18, Nistor_C_G|CELM, C, NP15, Peter_I|||CS, L, NI6, Georgescu_M_C|CS, L, NI6, Georgescu_M_C|PRSE,C,NP17, Nistor_C_G|PRSE,L,NP17, Nistor_C_G|||Drept, S, NI11, Gheorghe_C_A|PTDE, C, NII8, Ion_C_P|PTDE, L, NP18, Nistor_C_G|PTDE, P, NP17, Ion_C_P||Pedagogie, C, JV2, Gheza_C_F|||CS, C, NP18, Georgescu_M_C|CS, P, NI6, Georgescu_M_C
4|ET|4131|A|UCCP, L, VI1B, Stefan_I||UCCP, C, VIII14, Stefan_I|||AE, C, NP17, Diaconu_L_I||Electrosec.,L, NI11, Scortaru_P||Electrosec.,C, NP18, Scortaru_P|BM, C, NP19, Lupsa_T_L|BM, L, NP19, Lupsa_T_L||||AE, L, VIII13, Diaconu_L_I|CEM, C, NP15, Aciu_L_E|CEM, C, NP15, Aciu_L_E||IE, L, NP17, Nistor_C_G||CEM, L, NP15, Ursachi_C|IE, C, NP17, Nistor_C_G|IE, P, NP17, Nistor_C_G
4|ET|4131|A|UCCP, L, VI1B, Stefan_I||UCCP, C, VIII14, Stefan_I||BM,P, NP19, Lupsa_T_L|AE, C, NP17, Diaconu_L_I||Electrosec.,L, NI11, Scortaru_P||Electrosec.,C, NP18, Scortaru_P|BM, C, NP19, Lupsa_T_L|BM, L, NP19, Lupsa_T_L||||AE, P, VIII13, Diaconu_L_I|CEM, C, NP15, Aciu_L_E|||IE, L, NP17, Nistor_C_G||CEM, L, NP15, Ursachi_C|IE, C, NP17, Nistor_C_G
4|ET|4131|B||UCCP, L, VI1B, Stefan_I|UCCP, C, VIII14, Stefan_I|||AE, C, NP17, Diaconu_L_I|||Electrosec.,L, NI11, Scortaru_P|Electrosec.,C, NP18, Scortaru_P|BM, C, NP19, Lupsa_T_L||BM, L, NP19, Lupsa_T_L||AE, L, VIII13, Diaconu_L_I|CEM, L, NP15, Calin_M_D|CEM, C, NP15, Aciu_L_E|CEM, C, NP15, Aciu_L_E||||IE, L, NP17, Nistor_C_G|IE, C, NP17, Nistor_C_G|IE, P, NP17, Nistor_C_G
4|ET|4131|B||UCCP, L, VI1B, Stefan_I|UCCP, C, VIII14, Stefan_I||BM,P, NP19, Lupsa_T_L|AE, C, NP17, Diaconu_L_I|||Electrosec.,L, NI11, Scortaru_P|Electrosec.,C, NP18, Scortaru_P|BM, C, NP19, Lupsa_T_L||BM, L, NP19, Lupsa_T_L||AE, P, VIII13, Diaconu_L_I|CEM, L, NP15, Calin_M_D|CEM, C, NP15, Aciu_L_E|||||IE, L, NP17, Nistor_C_G|IE, C, NP17, Nistor_C_G
1|IEC|4561|A||AM, C, NI1, Pascu_M_N||FIZ, C, LIII4, Volmer_M|Prog, C, VIV7, Ungureanu_D_E|Pedagogie, C, TI8, Lazar_C_M||FIZICA, L, CI25, Adam_M_S|Pedagogie, S, PI5, Mosoi_A||AM, S, PI2, Pascu_M_N||||Grafică, C, NII8, Motoasca_D_S|Mat. Dis.,C, NII8, Ciupala_L_A|||||||ALGD, S, NIII3, Ionescu_A||ALGD, C, NI1, Voicu_N||||Grafică, L, NII8, Motoasca_D_S|||Prog, L, VIII12, Moga_H
1|IEC|4561|A|AM, C, PIII2, Pascu_M_N|AM, C, NI1, Pascu_M_N||FIZ, C, LIII4, Volmer_M|Prog, C, VIV7, Ungureanu_D_E|Pedagogie, C, TI8, Lazar_C_M||FIZICA, L, CI25, Adam_M_S|Pedagogie, S, PI5, Mosoi_A||AM, S, PI2, Pascu_M_N||||Grafică, C, NII8, Motoasca_D_S|Mat. Dis.,S, NII8, Ciupala_L_A|||||||ALGD, S, NIII3, Ionescu_A|L.franceza,S,NIII3,Harsan_M|ALGD, C, NI1, Voicu_N|L.franceza,C,NIII3,Harsan_M|||Grafică, L, NII8, Motoasca_D_S|||Prog, L, VIII12, Moga_H
1|IEC|4561|B||AM, C, NI1, Pascu_M_N||FIZ, C, LIII4, Volmer_M|Prog, C, VIV7, Ungureanu_D_E|Pedagogie, C, TI8, Lazar_C_M|||FIZICA, L, CI25, Adam_M_S||AM, S, PI2, Pascu_M_N||||Grafică, C, NII8, Motoasca_D_S|Mat. Dis.,C, NII8, Ciupala_L_A|||||||ALGD, S, NIII3, Ionescu_A||ALGD, C, NI1, Voicu_N|||||Grafică, L, NII8, Moasa_B|||Prog, L, VIII12, Moga_H
1|IEC|4561|B|AM, C, PIII2, Pascu_M_N|AM, C, NI1, Pascu_M_N||FIZ, C, LIII4, Volmer_M|Prog, C, VIV7, Ungureanu_D_E|Pedagogie, C, TI8, Lazar_C_M|||FIZICA, L, CI25, Adam_M_S||AM, S, PI2, Pascu_M_N||||Grafică, C, NII8, Motoasca_D_S|Mat. Dis.,S, NII8, Ciupala_L_A|||||||ALGD, S, NIII3, Ionescu_A|L.franceza,S,NIII3,Harsan_M|ALGD, C, NI1, Voicu_N|L.franceza,C,NIII3,Harsan_M||||Grafică, L, NII8, Moasa_B|||Prog, L, VIII12, Moga_H
1|IEC|4562|A|AM, S, PIII2, Pascu_M_N|AM, C, NI1, Pascu_M_N||FIZ, C, LIII4, Volmer_M|Prog, C, VIV7, Ungureanu_D_E|Pedagogie, C, TI8, Lazar_C_M|||ALGD, S, NP15, Ionescu_A|FIZICA, L, CI25, Adam_M_S|||||Grafică, C, NII8, Motoasca_D_S|Mat. Dis.,C, NII8, Ciupala_L_A|Mat. Dis.,S, NII8, Ciupala_L_A|||Prog, L, VIII12, Moga_H|||Pedagogie, S, PP5, Mosoi_A||ALGD, C, NI1, Voicu_N|L.franceza,S,NIII3,Harsan_M|||||Grafică, L, NII8, Moasa_B
1|IEC|4562|A|AM, C, PIII2, Pascu_M_N|AM, C, NI1, Pascu_M_N||FIZ, C, LIII4, Volmer_M|Prog, C, VIV7, Ungureanu_D_E|Pedagogie, C, TI8, Lazar_C_M|||ALGD, S, NP15, Ionescu_A|FIZICA, L, CI25, Adam_M_S||AM, S, PP6, Pascu_M_N|||Grafică, C, NII8, Motoasca_D_S|||||Prog, L, VIII12, Moga_H|||Pedagogie, S, PP5, Mosoi_A||ALGD, C, NI1, Voicu_N|L.franceza,C,NIII3,Harsan_M|||||Grafică, L, NII8, Moasa_B
1|IEC|4562|B
1|IEC|4562|B
2|IEC|4551|A||||TS, C, NI1, Danila_A|TS, C, NI1, Danila_A|ELM, S, NI1, Pop_M_I|||ELM, C, NII8, Volmer_M|MS, C, PI2, Marin_M|TS, S, NII8, Danila_A|||||MS, S, NI11, Popovici_El|ELM, S, NP17, Pop_M_I||||||||PR III, L, NP19, Lungoci_C_M|Pedagogie, C, PII1, Lazar_C_M|||Mater.,C, NI1, Calin_M_D|PR III, C, NI1, Lungoci_C_M|Mater.,L, NP15, Calin_M_D||L.franceza,C,IP1, Harsan_M
2|IEC|4551|A|||L.franceza,S,NIII3,Harsan_M|TS, C, NI1, Danila_A|Pedagogie, S, NII1, Mosoi_A|ELM, S, NI1, Pop_M_I|||ELM, C, NII8, Volmer_M|MS, C, PI2, Marin_M|TS, S, NII8, Danila_A|||||MS, S, NI11, Popovici_El|ELM, C, NII8, Volmer_M|||||||PR III, P, NP19, Lungoci_C_M|PR III, L, NP19, Lungoci_C_M|Pedagogie, C, PII1, Lazar_C_M|||Mater.,C, NI1, Calin_M_D|PR III, C, NI1, Lungoci_C_M|Mater.,L, NP15, Calin_M_D
2|IEC|4551|B||||TS, C, NI1, Danila_A|TS, C, NI1, Danila_A|ELM, S, NI1, Pop_M_I|||ELM, C, NII8, Volmer_M|MS, C, PI2, Marin_M|TS, S, NII8, Danila_A||||||ELM, S, NP17, Pop_M_I|||||||||PR III, L, NP19, Lungoci_C_M|Mater.,L, NP15, Calin_M_D||Mater.,C, NI1, Calin_M_D|PR III, C, NI1, Lungoci_C_M|||L.franceza,C,IP1, Harsan_M
2|IEC|4551|B|||L.franceza,S,NIII3,Harsan_M|TS, C, NI1, Danila_A|Pedagogie, S, NII1, Mosoi_A|ELM, S, NI1, Pop_M_I|||ELM, C, NII8, Volmer_M|MS, C, PI2, Marin_M|TS, S, NII8, Danila_A||||||ELM, C, NII8, Volmer_M|||||||PR III, P, NP19, Lungoci_C_M||PR III, L, NP19, Lungoci_C_M|Mater.,L, NP15, Calin_M_D||Mater.,C, NI1, Calin_M_D|PR III, C, NI1, Lungoci_C_M
2|IEC|4552|A|||MS, S, NI11, Popovici_El|TS, C, NI1, Danila_A|TS, C, NI1, Danila_A||||ELM, C, NII8, Volmer_M|MS, C, PI2, Marin_M|TS, S, NII8, Danila_A|||||||||||||||Mater.,L, NP15, Calin_M_D|PR III, L, NP19, Lungoci_C_M|PR III, P, NP19, Lungoci_C_M|Mater.,C, NI1, Calin_M_D|PR III, C, NI1, Lungoci_C_M|ELM, S, NI11, Pop_M_I||L.franceza,C,IP1, Harsan_M
2|IEC|4552|A|||MS, S, NI11, Popovici_El|TS, C, NI1, Danila_A|ELM, S, NI1, Pop_M_I||||ELM, C, NII8, Volmer_M|MS, C, PI2, Marin_M|TS, S, NII8, Danila_A||||||ELM, C, NII8, Volmer_M||||||||L.franceza,S,NIII3,Harsan_M|Mater.,L, NP15, Calin_M_D|PR III, L, NP19, Lungoci_C_M||Mater.,C, NI1, Calin_M_D|PR III, C, NI1, Lungoci_C_M|ELM, S, NP17, Pop_M_I
2|IEC|4552|B
2|IEC|4552|B
3|IEC|4541|A|CS, L, NP18, Clotea_L_R|I.V., L, NP19, Motoasca_D_S||||||EE, C, NII8, Clotea_L_R|CS, C, NP18, Ilea_N_D_G|EE, C, NII8, Clotea_L_R||MicroSenz, C, CP28, Volmer_M|||CIA, C, NP15, Craciun_A_V|Cemg, C, NP18, Ilea_N_D_G|Cemg, P, NP18, Ilea_N_D_G|CEMG, L, NI6, Ion_C_P||||I.V., C, NP19, Motoasca_D_S|EE, L, NI11, Scortaru_P|EE, L, NI11, Scortaru_P|MicroSenz, L, CI28, Volmer_M|CIA, L, NIII6, Craciun_A_V|Pedagogie, C, JV2, Gheza_C_F|||BD, C, VIII8, Perniu_L||BD, L, VIII8, Perniu_L
3|IEC|4541|A|CS, L, NP18, Clotea_L_R||||||||CS, C, NP18, Ilea_N_D_G|EE, C, NII8, Clotea_L_R||MicroSenz, C, CP28, Volmer_M|||CIA, C, NP15, Craciun_A_V|Cemg, C, NP18, Ilea_N_D_G||CEMG, L, NI6, Ion_C_P||||I.V., C, NP19, Motoasca_D_S|EE, L, NI11, Scortaru_P|||CIA, L, NIII6, Craciun_A_V|Pedagogie, C, JV2, Gheza_C_F|||||BD, L, VIII8, Perniu_L
3|IEC|4541|B||CS, L, NP18, Clotea_L_R||CEMG, L, NI6, Ion_C_P|CIA, L, NIII6, Craciun_A_V|||EE, C, NII8, Clotea_L_R|CS, C, NP18, Ilea_N_D_G|EE, C, NII8, Clotea_L_R||MicroSenz, C, CP28, Volmer_M|||CIA, C, NP15, Craciun_A_V|Cemg, C, NP18, Ilea_N_D_G|Cemg, P, NP18, Ilea_N_D_G|||||I.V., C, NP19, Motoasca_D_S|||EE, L, NI11, Scortaru_P|MicroSenz, L, CI28, Volmer_M|Pedagogie, C, JV2, Gheza_C_F|||BD, C, VIII8, Perniu_L|||BD, L, VIII8, Perniu_L
3|IEC|4541|B|I.V., L, NP19, Motoasca_D_S|CS, L, NP18, Clotea_L_R||CEMG, L, NI6, Ion_C_P|CIA, L, NIII6, Craciun_A_V||||CS, C, NP18, Ilea_N_D_G|EE, C, NII8, Clotea_L_R||MicroSenz, C, CP28, Volmer_M|||CIA, C, NP15, Craciun_A_V|Cemg, C, NP18, Ilea_N_D_G||||||I.V., C, NP19, Motoasca_D_S||EE, L, NI11, Scortaru_P|EE, L, NI11, Scortaru_P||Pedagogie, C, JV2, Gheza_C_F||||||BD, L, VIII8, Perniu_L
3|IEC|4542|A|||CS, L, NP18, Clotea_L_R||CEMG, L, NI6, Ion_C_P|CIA, L, NIII6, Craciun_A_V|||CS, C, NP18, Ilea_N_D_G|EE, C, NII8, Clotea_L_R||MicroSenz, C, CP28, Volmer_M|||CIA, C, NP15, Craciun_A_V|Cemg, C, NP18, Ilea_N_D_G||||||I.V., C, NP19, Motoasca_D_S||||EE, L, NI11, Scortaru_P|EE, L, NI11, Scortaru_P|||BD, C, VIII8, Perniu_L|BD, L, VIII8, Perniu_L
3|IEC|4542|A||I.V., L, NP19, Motoasca_D_S|CS, L, NP18, Clotea_L_R||CEMG, L, NI6, Ion_C_P|CIA, L, NIII6, Craciun_A_V|||CS, C, NP18, Ilea_N_D_G|EE, C, NII8, Clotea_L_R||MicroSenz, C, CP28, Volmer_M|||CIA, C, NP15, Craciun_A_V|Cemg, C, NP18, Ilea_N_D_G|Cemg, P, NP18, Ilea_N_D_G|||||I.V., C, NP19, Motoasca_D_S|||MicroSenz, L, CI28, Volmer_M|EE, L, NI11, Scortaru_P|Pedagogie, C, JV2, Gheza_C_F||||BD, L, VIII8, Perniu_L
3|IEC|4542|B||||||||||||Pedagogie, S, KB14, Jude_I
3|IEC|4542|B||||||||||||Pedagogie, S, KB14, Jude_I
4|IEC|4531|A|CAD, P, NP19, Motoasca_D_S||ICMO, L, NP19, Lupsa_T_L|ICMO, C, NP19, Lupsa_T_L|ICMO, P, NP19, Lupsa_T_L|||CAD, L, NP19, Motoasca_D_S|IP, L, NIII5, Gerigan_C|RCalc., C, NP17, Machedon_P_M|IE, L, NP17, Nistor_C_G|IE, P, NP18, Nistor_C_G|||SC, C, NP18, Ion_C_P|IP, C, NP17, Gerigan_C|||Rcalc.,P,KB10, Machedon_P_M|||SC, L, NII8, Ion_C_P|CAD, C, NP19, Motoasca_D_S||||||AE, C, NP15, Danila_A|IE, C, NP19, Motoasca_D_S|AE, L, VIII13, Danila_A
4|IEC|4531|A||||ICMO, C, NP19, Lupsa_T_L||||CAD, L, NP19, Motoasca_D_S|IP, L, NIII5, Gerigan_C|RCalc., C, NP17, Machedon_P_M|||||SC, C, NP18, Ion_C_P|IP, C, NP17, Gerigan_C|SC, P, NP17, Ion_C_P||Rcalc.,P,KB10, Machedon_P_M|||SC, L, NII8, Ion_C_P|CAD, C, NP19, Motoasca_D_S||||||AE, C, NP15, Danila_A|IE, C, NP19, Motoasca_D_S|AE, L, VIII13, Danila_A
4|IEC|4531|B|CAD, P, NP19, Motoasca_D_S|||ICMO, C, NP19, Lupsa_T_L|ICMO, P, NP19, Lupsa_T_L|||IP, L, NIII5, Gerigan_C|CAD, L, NP19, Motoasca_D_S|RCalc., C, NP17, Machedon_P_M||IE, P, NP18, Nistor_C_G|||SC, C, NP18, Ion_C_P|IP, C, NP17, Gerigan_C|||||||CAD, C, NP19, Motoasca_D_S|SC, L, NII8, Ion_C_P|||||AE, C, NP15, Danila_A|IE, C, NP19, Motoasca_D_S||AE, L, VIII13, Danila_A
4|IEC|4531|B|||ICMO, L, NP19, Lupsa_T_L|ICMO, C, NP19, Lupsa_T_L||||IP, L, NIII5, Gerigan_C|CAD, L, NP19, Motoasca_D_S|RCalc., C, NP17, Machedon_P_M|IE, L, NP17, Nistor_C_G||||SC, C, NP18, Ion_C_P|IP, C, NP17, Gerigan_C|SC, P, NP17, Ion_C_P||||||CAD, C, NP19, Motoasca_D_S|SC, L, NII8, Ion_C_P|Rcalc.,P,KB10, Machedon_P_M|Rcalc.,P,KB10, Machedon_P_M|||AE, C, NP15, Danila_A|IE, C, NP19, Motoasca_D_S||AE, L, VIII13, Danila_A
1|ETTI|4661|A|||AnMate, S, BI4, Oana_A||AnMate, C, CP6, Paltanea_E|InfoAp, C, CP6, Cotfas_P_A||PCLP1, L, NII3, Bogdan_I_C|PCLP1, L, NII3, Bogdan_I_C||||||||DepCom,S, NII1,Truta_C|PCLP, C, NII1, Cataron_A_D||||Grafica asist, L, AIV5, Clinciu_M_R|InfoAp, L, NII4, Machidon_O_M|ALGAD, S, PII1, Popovici_El|||||||||ALGAD, C, CP3, Voicu_N|ALGAD, C, CP3, Voicu_N
1|ETTI|4661|A|||AnMate, S, BI4, Oana_A|AnMate, C, CP6, Paltanea_E|AnMate, C, CP6, Paltanea_E|Pedagogie, C, TI8, Lazar_C_M||PCLP1, L, NII3, Bogdan_I_C|||||||Engleza, S, NI11, Sasu_E_L||DepCom,S, NII1,Truta_C|PCLP, C, NII1, Cataron_A_D|DepCom, C, NII1, Pavalache_I_M|||Grafica asist, L, AIV5, Clinciu_M_R|InfoAp, L, NII4, Machidon_O_M|ALGAD, S, PII1, Popovici_El|||||||||ALGAD, C, CP3, Voicu_N|Engleza, C, NI1, Sasu_E_L
1|ETTI|4661|B|||AnMate, S, BI4, Oana_A||AnMate, C, CP6, Paltanea_E|InfoAp, C, CP6, Cotfas_P_A||||PCLP1, L, NII3, Bogdan_I_C|||||||DepCom,S, NII1,Truta_C|PCLP, C, NII1, Cataron_A_D||||InfoAp, L, NII4, Machidon_O_M|Grafica asist, L, AIV5, Duicu_S|ALGAD, S, PII1, Popovici_El|||||||||ALGAD, C, CP3, Voicu_N|ALGAD, C, CP3, Voicu_N
1|ETTI|4661|B|||AnMate, S, BI4, Oana_A|AnMate, C, CP6, Paltanea_E|AnMate, C, CP6, Paltanea_E|Pedagogie, C, TI8, Lazar_C_M|||PCLP1, L, NII3, Bogdan_I_C|PCLP1, L, NII3, Bogdan_I_C|||||Engleza, S, NI11, Sasu_E_L||DepCom,S, NII1,Truta_C|PCLP, C, NII1, Cataron_A_D|DepCom, C, NII1, Pavalache_I_M|||InfoAp, L, NII4, Machidon_O_M|Grafica asist, L, AIV5, Duicu_S|ALGAD, S, PII1, Popovici_El|||||||||ALGAD, C, CP3, Voicu_N|Engleza, C, NI1, Sasu_E_L
1|ETTI|4662|A|AnMate, S, NII1, Dimitriu_M|Engleza, S,NI11, Sasu_E_L|||AnMate, C, CP6, Paltanea_E|InfoAp, C, CP6, Cotfas_P_A|||||PCLP1, L, NII5, Bogdan_I_C|PCLP1, L, NII5, Bogdan_I_C|InfoAp, L, NII5, Stavar_A|||||PCLP, C, NII1, Cataron_A_D||DepCom,S, KB4,Truta_C|||Pedagogie, S, PP5, Mosoi_A|Grafica asist, L, AIV5, Clinciu_M_R||ALGAD, S, KB14, Smuc_M|||||||ALGAD, C, CP3, Voicu_N|ALGAD, C, CP3, Voicu_N
1|ETTI|4662|A|AnMate, S, NII1, Dimitriu_M|||AnMate, C, CP6, Paltanea_E|AnMate, C, CP6, Paltanea_E|Pedagogie, C, TI8, Lazar_C_M|||||PCLP1, L, NII5, Bogdan_I_C||InfoAp, L, NII5, Stavar_A|||||PCLP, C, NII1, Cataron_A_D|DepCom, C, NII1, Pavalache_I_M|DepCom,S, KB4,Truta_C|||Pedagogie, S, PP5, Mosoi_A|Grafica asist, L, AIV5, Clinciu_M_R||ALGAD, S, KB14, Smuc_M|||||||ALGAD, C, CP3, Voicu_N|Engleza, C, NI1, Sasu_E_L
1|ETTI|4662|B|AnMate, S, NII1, Dimitriu_M|Engleza, S,NI11, Sasu_E_L|||AnMate, C, CP6, Paltanea_E|InfoAp, C, CP6, Cotfas_P_A||||||||||PCLP1, L, NII3, Bogdan_I_C||PCLP, C, NII1, Cataron_A_D||DepCom,S, KB4,Truta_C|||Pedagogie, S, PP5, Mosoi_A||Grafica asist, L, AIV5, Sava_R|ALGAD, S, KB14, Smuc_M|InfoAp, L, KB2, Stavar_A||||||ALGAD, C, CP3, Voicu_N|ALGAD, C, CP3, Voicu_N
1|ETTI|4662|B|AnMate, S, NII1, Dimitriu_M|||AnMate, C, CP6, Paltanea_E|AnMate, C, CP6, Paltanea_E|Pedagogie, C, TI8, Lazar_C_M|||||||||PCLP1, L, NII3, Bogdan_I_C|PCLP1, L, NII3, Bogdan_I_C||PCLP, C, NII1, Cataron_A_D|DepCom, C, NII1, Pavalache_I_M|DepCom,S, KB4,Truta_C|||Pedagogie, S, PP5, Mosoi_A||Grafica asist, L, AIV5, Sava_R|ALGAD, S, KB14, Smuc_M|InfoAp, L, KB2, Stavar_A||||||ALGAD, C, CP3, Voicu_N|Engleza, C, NI1, Sasu_E_L
1|ETTI|4663|A||AnMate, S, KB14, Dimitriu_M|||AnMate, C, CP6, Paltanea_E|InfoAp, C, CP6, Cotfas_P_A|||||||||||DepCom,S, NII1,Truta_C|PCLP, C, NII1, Cataron_A_D|PCLP1, L, NII3, Caliman_A|PCLP1, L, NII3, Caliman_A|||Pedagogie, S, PP5, Mosoi_A||ALGAD, S, KB14, Smuc_M||||InfoAp, L, NII5, Machidon_O_M||Grafica asist, L, AIV5, Lihtetchi_I||ALGAD, C, CP3, Voicu_N|ALGAD, C, CP3, Voicu_N
1|ETTI|4663|A||AnMate, S, KB14, Dimitriu_M||AnMate, C, CP6, Paltanea_E|AnMate, C, CP6, Paltanea_E|Pedagogie, C, TI8, Lazar_C_M|||||||||||DepCom,S, NII1,Truta_C|PCLP, C, NII1, Cataron_A_D|DepCom, C, NII1, Pavalache_I_M|PCLP1, L, NII3, Caliman_A||Engleza, S, NIII5, Sasu_E_L|Pedagogie, S, PP5, Mosoi_A||ALGAD, S, KB14, Smuc_M||||InfoAp, L, NII5, Machidon_O_M||Grafica asist, L, AIV5, Lihtetchi_I||ALGAD, C, CP3, Voicu_N|Engleza, C, NI1, Sasu_E_L
1|ETTI|4663|B||AnMate, S, KB14, Dimitriu_M|||AnMate, C, CP6, Paltanea_E|InfoAp, C, CP6, Cotfas_P_A|||||||||||DepCom,S, NII1,Truta_C|PCLP, C, NII1, Cataron_A_D|||||Pedagogie, S, PP5, Mosoi_A||ALGAD, S, KB14, Smuc_M||PCLP1, L, NII3, Caliman_A|||InfoAp, L, KB2, Machidon_O_M||Grafica asist, L, AIV1, Lihtetchi_I|ALGAD, C, CP3, Voicu_N|ALGAD, C, CP3, Voicu_N
1|ETTI|4663|B||AnMate, S, KB14, Dimitriu_M||AnMate, C, CP6, Paltanea_E|AnMate, C, CP6, Paltanea_E|Pedagogie, C, TI8, Lazar_C_M|||||||||||DepCom,S, NII1,Truta_C|PCLP, C, NII1, Cataron_A_D|DepCom, C, NII1, Pavalache_I_M|||Engleza, S, NIII5, Sasu_E_L|Pedagogie, S, PP5, Mosoi_A||ALGAD, S, KB14, Smuc_M|PCLP1, L, NII3, Caliman_A|PCLP1, L, NII3, Caliman_A|||InfoAp, L, KB2, Machidon_O_M||Grafica asist, L, AIV1, Lihtetchi_I|ALGAD, C, CP3, Voicu_N|Engleza, C, NI1, Sasu_E_L
2|ETTI|4651|A||PCLPIII, L, NII3, Danciu_G_M|MS, L, NII5, Pana_Gh||Mas in El, L, DI1, Jinga_V|||||Mas in El, C, NII1, Ursutiu_D|PCLPIII, C, NII1, Danciu_G_M|DEL, C, NII1, Sandu_F|DEL, C, NII1, Sandu_F||BPS, C, NII1, Ivanovici_L_M|BPS, C, NII1, Ivanovici_L_M||Engleza, S, NIII5, Badulescu_A|DEL, S, KB14, Stanca_A_C|||BPS,S , KB4, Ivanovici_L_M||||Pedagogie, C, PII1, Lazar_C_M|||TS, C, VIV7, Coman_S|EdFiz, S, EDFIZ, Catanescu_A_C||||Engleza, C, NI1, Badulescu_A
2|ETTI|4651|A|PCLPIII, L, NII3, Danciu_G_M|PCLPIII, L, NII3, Danciu_G_M|MS, L, NII5, Pana_Gh||Mas in El, L, DI1, Jinga_V|||||Mas in El, C, NII1, Ursutiu_D|PCLPIII, C, NII1, Danciu_G_M|MS, C, NII1, Pana_Gh|DEL, C, NII1, Sandu_F||BPS, C, NII1, Ivanovici_L_M|||Engleza, S, NIII5, Badulescu_A|DEL, S, KB14, Stanca_A_C|||BPS,S , KB4, Ivanovici_L_M||||Pedagogie, C, PII1, Lazar_C_M|||TS, C, VIV7, Coman_S|TS, S, VIV7, Coman_S
2|ETTI|4651|B|||||Pedagogie, S,NII1, Mosoi_A|||||Mas in El, C, NII1, Ursutiu_D|PCLPIII, C, NII1, Danciu_G_M|DEL, C, NII1, Sandu_F|DEL, C, NII1, Sandu_F||BPS, C, NII1, Ivanovici_L_M|BPS, C, NII1, Ivanovici_L_M||Engleza, S, NIII5, Badulescu_A|DEL, S, KB14, Stanca_A_C|Mas in El, L, DI1, Jinga_V||BPS,S , KB4, Ivanovici_L_M|MS, L, NII5, Pana_Gh|PCLPIII, L, NII3, Suciu_I||Pedagogie, C, PII1, Lazar_C_M|||TS, C, VIV7, Coman_S|EdFiz, S, EDFIZ, Catanescu_A_C||||Engleza, C, NI1, Badulescu_A
2|ETTI|4651|B|||||Pedagogie, S,NII1, Mosoi_A|||||Mas in El, C, NII1, Ursutiu_D|PCLPIII, C, NII1, Danciu_G_M|MS, C, NII1, Pana_Gh|DEL, C, NII1, Sandu_F||BPS, C, NII1, Ivanovici_L_M|||Engleza, S, NIII5, Badulescu_A|DEL, S, KB14, Stanca_A_C|Mas in El, L, DI1, Jinga_V||BPS,S , KB4, Ivanovici_L_M|MS, L, NII5, Pana_Gh|PCLPIII, L, NII3, Suciu_I|PCLPIII, L, NII3, Suciu_I|Pedagogie, C, PII1, Lazar_C_M|||TS, C, VIV7, Coman_S|TS, S, VIV7, Coman_S
2|ETTI|4652|A|||||Pedagogie, S,NII1, Mosoi_A|||||Mas in El, C, NII1, Ursutiu_D|PCLPIII, C, NII1, Danciu_G_M|DEL, C, NII1, Sandu_F|DEL, C, NII1, Sandu_F||BPS, C, NII1, Ivanovici_L_M|BPS, C, NII1, Ivanovici_L_M||DEL, S, KB14, Stanca_A_C|Mas in El, L, DI1, Jinga_V|||MS, L, NII5, Pana_Gh|BPS,S , KB4, Ivanovici_L_M|||Pedagogie, C, PII1, Lazar_C_M|||TS, C, VIV7, Coman_S|PCLPIII, L, NII4, Danciu_G_M|PCLPIII, L, NII4, Danciu_G_M|||Engleza, C, NI1, Badulescu_A
2|ETTI|4652|A||||Engleza, S, NIII5, Badulescu_A|Pedagogie, S,NII1, Mosoi_A|||||Mas in El, C, NII1, Ursutiu_D|PCLPIII, C, NII1, Danciu_G_M|MS, C, NII1, Pana_Gh|DEL, C, NII1, Sandu_F||BPS, C, NII1, Ivanovici_L_M|||DEL, S, KB14, Stanca_A_C|Mas in El, L, DI1, Jinga_V|||MS, L, NII5, Pana_Gh|BPS,S , KB4, Ivanovici_L_M|||Pedagogie, C, PII1, Lazar_C_M|||TS, C, VIV7, Coman_S|TS, S, VIV7, Coman_S|PCLPIII, L, NII4, Danciu_G_M
2|ETTI|4652|B|||||Pedagogie, S,NII1, Mosoi_A|||||Mas in El, C, NII1, Ursutiu_D|PCLPIII, C, NII1, Danciu_G_M|DEL, C, NII1, Sandu_F|DEL, C, NII1, Sandu_F||BPS, C, NII1, Ivanovici_L_M|BPS, C, NII1, Ivanovici_L_M||DEL, S, KB14, Stanca_A_C|PCLPIII, L, NII3, Danciu_G_M||||BPS,S , KB4, Ivanovici_L_M|MS, L, NII5, Pana_Gh||Mas in El, L, DI1, Jinga_V|||TS, C, VIV7, Coman_S|EdFiz, S, EDFIZ, Catanescu_A_C||||Engleza, C, NI1, Badulescu_A
2|ETTI|4652|B||||Engleza, S, NIII5, Badulescu_A|Pedagogie, S,NII1, Mosoi_A|||||Mas in El, C, NII1, Ursutiu_D|PCLPIII, C, NII1, Danciu_G_M|MS, C, NII1, Pana_Gh|DEL, C, NII1, Sandu_F||BPS, C, NII1, Ivanovici_L_M|||DEL, S, KB14, Stanca_A_C|PCLPIII, L, NII3, Danciu_G_M|PCLPIII, L, NII3, Danciu_G_M|||BPS,S , KB4, Ivanovici_L_M|MS, L, NII5, Pana_Gh||Mas in El, L, DI1, Jinga_V|||TS, C, VIV7, Coman_S|TS, S, VIV7, Coman_S
2|ETTI|4653|A||MS, L, NII5, Pana_Gh|PCLPIII, L, NII4, Danciu_G_M|Engleza, S, NIII5, Badulescu_A|Pedagogie, S,NII1, Mosoi_A|||||Mas in El, C, NII1, Ursutiu_D|PCLPIII, C, NII1, Danciu_G_M|DEL, C, NII1, Sandu_F|DEL, C, NII1, Sandu_F||BPS, C, NII1, Ivanovici_L_M|BPS, C, NII1, Ivanovici_L_M||DEL, S, KB14, Stanca_A_C||||||||BPS,S , KB4, Ivanovici_L_M|Mas in El, L, DI1, Jinga_V||TS, C, VIV7, Coman_S|EdFiz, S, EDFIZ, Catanescu_A_C||||Engleza, C, NI1, Badulescu_A
2|ETTI|4653|A||MS, L, NII5, Pana_Gh|PCLPIII, L, NII4, Danciu_G_M|PCLPIII, L, NII4, Danciu_G_M|Pedagogie, S,NII1, Mosoi_A|||||Mas in El, C, NII1, Ursutiu_D|PCLPIII, C, NII1, Danciu_G_M|MS, C, NII1, Pana_Gh|DEL, C, NII1, Sandu_F||BPS, C, NII1, Ivanovici_L_M|||DEL, S, KB14, Stanca_A_C||||||||BPS,S , KB4, Ivanovici_L_M|Mas in El, L, DI1, Jinga_V||TS, C, VIV7, Coman_S|TS, S, VIV7, Coman_S
2|ETTI|4653|B
2|ETTI|4653|B
3|CALC|4941|A|AM, L, NII4, Stanciu_A|ANP, C, NII1, Toacse_Gh|BC, C, NII1, Croitoru_O|ANP, S, NII1, Toacse_Gh||||TP, L, NII5, Danciu_G_M|ANP, C, NII1, Toacse_Gh|||Pedagogie, S, KB14, Jude_I||||CO, C, KB8, Miron_M|CO, L, KB3, Miron_M|||||IC, C, KB14, Cataron_A_D|IC, C, KB14, Cataron_A_D|TP, C, KB14, Danciu_G_M|||Pedagogie, C, JV2, Gheza_C_F||IC, L, NII3, Cataron_A_D|BC, L, KB6, Croitoru_O
3|CALC|4941|A|AM, L, NII4, Stanciu_A|ANP, C, NII1, Toacse_Gh|BC, C, NII1, Croitoru_O|ANP, S, NII1, Toacse_Gh||||TP, L, NII5, Danciu_G_M|ANP, C, NII1, Toacse_Gh|PCD, P, NII5, Zaharia_C||Pedagogie, S, KB14, Jude_I||||CO, C, KB8, Miron_M|CO, L, KB3, Miron_M|||||IC, C, KB14, Cataron_A_D|TP, C, KB14, Danciu_G_M|TP, C, KB14, Danciu_G_M|||Pedagogie, C, JV2, Gheza_C_F||IC, L, NII3, Cataron_A_D|BC, L, KB6, Croitoru_O
3|CALC|4941|B||ANP, C, NII1, Toacse_Gh|BC, C, NII1, Croitoru_O|ANP, S, NII1, Toacse_Gh|||||ANP, C, NII1, Toacse_Gh|||Pedagogie, S, KB14, Jude_I|||CO, L, KB3, Miron_M|CO, C, KB8, Miron_M||||||IC, C, KB14, Cataron_A_D|IC, C, KB14, Cataron_A_D|TP, C, KB14, Danciu_G_M|TP, L, NII5, Danciu_G_M||Pedagogie, C, JV2, Gheza_C_F||AM, L, NII4, Stanciu_A|IC, L, NII3, Cataron_A_D|BC, L, KB6, Croitoru_O
3|CALC|4941|B||ANP, C, NII1, Toacse_Gh|BC, C, NII1, Croitoru_O|ANP, S, NII1, Toacse_Gh|||||ANP, C, NII1, Toacse_Gh|PCD, P, NII5, Zaharia_C||Pedagogie, S, KB14, Jude_I|||CO, L, KB3, Miron_M|CO, C, KB8, Miron_M||||||IC, C, KB14, Cataron_A_D|TP, C, KB14, Danciu_G_M|TP, C, KB14, Danciu_G_M|TP, L, NII5, Danciu_G_M||Pedagogie, C, JV2, Gheza_C_F||AM, L, NII4, Stanciu_A|IC, L, NII3, Cataron_A_D|BC, L, KB6, Croitoru_O
3|EA|4241|A||ANP, C, NII1, Toacse_Gh|BC, C, NII1, Croitoru_O|ANP, S, NII1, Toacse_Gh|PCE, P, NII11, Stanca_A_C||||ANP, C, NII1, Toacse_Gh|PDS, C, KB14, Gerigan_C|ComEL, C, KB14, Ogrutan_P_L|Pedagogie, S, KB14, Jude_I||||AM, L, NII4, Stanciu_A|ST, C, NII11, Stanca_A_C|BC, L, KB6, Croitoru_O|PDS, L, KB12, Kertesz_C_Z|||ComEL, L, NIII5, Machedon_P_M|SER, C, CP28, Cotfas_D_T|SER, L, CI36, Cotfas_D_T|||Pedagogie, C, JV2, Gheza_C_F|||SD, L, NII5, Dascalu_L_M|SD, C,KB14, Dascalu_L_M
3|EA|4241|A|PCE, P, NIII5, Pana_Gh|ANP, C, NII1, Toacse_Gh|BC, C, NII1, Croitoru_O|ANP, S, NII1, Toacse_Gh|||||ANP, C, NII1, Toacse_Gh|PDS, C, KB14, Gerigan_C|ComEL, C, KB14, Ogrutan_P_L|Pedagogie, S, KB14, Jude_I|||||ST, C, NII11, Stanca_A_C|BC, L, KB6, Croitoru_O|PDS, L, KB12, Kertesz_C_Z||||SER, C, CP28, Cotfas_D_T|ST, L, NII11, Stanca_A_C|||Pedagogie, C, JV2, Gheza_C_F||||SD, C,KB14, Dascalu_L_M
3|EA|4241|B||ANP, C, NII1, Toacse_Gh|BC, C, NII1, Croitoru_O|ANP, S, NII1, Toacse_Gh|PCE, P, NII11, Stanca_A_C||||ANP, C, NII1, Toacse_Gh|PDS, C, KB14, Gerigan_C|ComEL, C, KB14, Ogrutan_P_L|Pedagogie, S, KB14, Jude_I||||ComEL, L, NIII5, Machedon_P_M|ST, C, NII11, Stanca_A_C|PDS, L, KB12, Kertesz_C_Z|BC, L, KB6, Croitoru_O||||SER, C, CP28, Cotfas_D_T|ST, L, NII11, Stanca_A_C|||Pedagogie, C, JV2, Gheza_C_F||||SD, C,KB14, Dascalu_L_M
3|EA|4241|B|PCE, P, NIII5, Pana_Gh|ANP, C, NII1, Toacse_Gh|BC, C, NII1, Croitoru_O|ANP, S, NII1, Toacse_Gh|||||ANP, C, NII1, Toacse_Gh|PDS, C, KB14, Gerigan_C|ComEL, C, KB14, Ogrutan_P_L|Pedagogie, S, KB14, Jude_I||||AM, L, NII4, Stanciu_A|ST, C, NII11, Stanca_A_C|PDS, L, KB12, Kertesz_C_Z|BC, L, KB6, Croitoru_O||||SER, C, CP28, Cotfas_D_T|SER, L, CI36, Cotfas_D_T|||Pedagogie, C, JV2, Gheza_C_F|||SD, L, NII5, Dascalu_L_M|SD, C,KB14, Dascalu_L_M
3|TSTC|4641|A|MTII, C, KB8, Curpen_D_M||MTII, L, KB15, Curpen_D_M|PCE, P, NII11, Stanca_A_C||uM, L, NII5, Costache_A||Mic, C, KB14, Romanca_M|Mic, C, KB14, Romanca_M||PCE, P, NIII5, Pana_Gh|MTII, P, KB4, Curpen_D_M|||MDS, C, KB14, Croitoru_O|MDS, C, KB14, Croitoru_O|ALP, C, KB14, Morariu_Gh||||||ALP, L, KB5, Morariu_Gh|MDS, L, KB6, Croitoru_O|TM, C, NII4, Borza_P_N|TM, L, NII5, Stanciu_A|Pedagogie, C, JV2, Gheza_C_F||||SD, C,KB14, Dascalu_L_M|SD, L, NII5, Dascalu_L_M
3|TSTC|4641|A|MTII, C, KB8, Curpen_D_M||MTII, L, KB15, Curpen_D_M|||uM, L, NII5, Costache_A||Mic, C, KB14, Romanca_M|Mic, S, KB14, Romanca_M|||Pedagogie, S, KB14, Jude_I|||MDS, C, KB14, Croitoru_O|ALP, C, KB14, Morariu_Gh|ALP, C, KB14, Morariu_Gh||||||ALP, L, KB5, Morariu_Gh|MDS, L, KB6, Croitoru_O|TM, C, NII4, Borza_P_N||uM, P, NII5, Costache_A||||SD, C,KB14, Dascalu_L_M
3|TSTC|4641|B|MTII, C, KB8, Curpen_D_M|MTII, L, KB15, Curpen_D_M||PCE, P, NII11, Stanca_A_C|uM, L, NII5, Costache_A|||Mic, C, KB14, Romanca_M|Mic, C, KB14, Romanca_M||PCE, P, NIII5, Pana_Gh|MTII, P, KB4, Curpen_D_M|||MDS, C, KB14, Croitoru_O|MDS, C, KB14, Croitoru_O|ALP, C, KB14, Morariu_Gh||||||MDS, L, KB6, Croitoru_O|ALP, L, KB5, Morariu_Gh|TM, C, NII4, Borza_P_N||uM, P, NII5, Costache_A||||SD, C,KB14, Dascalu_L_M
3|TSTC|4641|B|MTII, C, KB8, Curpen_D_M|MTII, L, KB15, Curpen_D_M|||uM, L, NII5, Costache_A|||Mic, C, KB14, Romanca_M|Mic, S, KB14, Romanca_M|||Pedagogie, S, KB14, Jude_I|||MDS, C, KB14, Croitoru_O|ALP, C, KB14, Morariu_Gh|ALP, C, KB14, Morariu_Gh||||||MDS, L, KB6, Croitoru_O|ALP, L, KB5, Morariu_Gh|TM, C, NII4, Borza_P_N|TM, L, NII5, Stanciu_A|Pedagogie, C, JV2, Gheza_C_F||||SD, C,KB14, Dascalu_L_M|SD, L, NII5, Dascalu_L_M
4|CALC|4931|A||ISW, L, KB10, Bocu_D|ISW, C, KB8, Bocu_D||LabSC, P, NII4, Carp_M_C|||PAI, C, NII5, Ivanovici_L_M|MP, L, NIII5, Ogrutan_P_L|TDRC1, L, KB2, Robu_D_N||SDBC, L, KB2, Jinga_V|||TDRC1, C, KB4, Robu_D_N|MP, C, KB4, Ogrutan_P_L|MP, C, KB4, Ogrutan_P_L|PAI, L, NII5, Ivanovici_L_M|||||SDBC, C, KB8, Romanca_M|||LabSC, L, NII4, Carp_M_C
4|CALC|4931|A||ISW, L, KB10, Bocu_D|ISW, C, KB8, Bocu_D||LabSC, P, NII4, Carp_M_C|||PAI, C, NII5, Ivanovici_L_M|MP, L, NIII5, Ogrutan_P_L|TDRC1, L, KB2, Robu_D_N||SDBC, L, KB2, Jinga_V|||TDRC1, C, KB4, Robu_D_N|MP, C, KB4, Ogrutan_P_L|MP, C, KB4, Ogrutan_P_L|PAI, L, NII5, Ivanovici_L_M||||SDBC, C, KB8, Romanca_M|SDBC, C, KB8, Romanca_M|||LabSC, L, NII4, Carp_M_C
4|CALC|4931|B|||ISW, C, KB8, Bocu_D|ISW, L, KB10, Bocu_D|LabSC, P, NII4, Carp_M_C|||PAI, C, NII5, Ivanovici_L_M|TDRC1, L, KB2, Robu_D_N|MP, L, NIII5, Ogrutan_P_L|||SDBC, L, KB2, Jinga_V||TDRC1, C, KB4, Robu_D_N|MP, C, KB4, Ogrutan_P_L|MP, C, KB4, Ogrutan_P_L||PAI, L, NII5, Ivanovici_L_M||||SDBC, C, KB8, Romanca_M||||LabSC, L, NII4, Carp_M_C
4|CALC|4931|B|||ISW, C, KB8, Bocu_D|ISW, L, KB10, Bocu_D|LabSC, P, NII4, Carp_M_C|||PAI, C, NII5, Ivanovici_L_M|TDRC1, L, KB2, Robu_D_N|MP, L, NIII5, Ogrutan_P_L|||SDBC, L, KB2, Jinga_V||TDRC1, C, KB4, Robu_D_N|MP, C, KB4, Ogrutan_P_L|MP, C, KB4, Ogrutan_P_L||PAI, L, NII5, Ivanovici_L_M|||SDBC, C, KB8, Romanca_M|SDBC, C, KB8, Romanca_M||||LabSC, L, NII4, Carp_M_C
4|EA|4231|A||ELP, C, NII11, Stanca_A_C|ELP, L, NII11, Stanca_A_C||RC, C, KB14, Robu_D_N|AplRTVC, P, NII4, Carp_M_C||IEP, C, KB8, Ogrutan_P_L|Nanoteh, L, CI36, Cotfas_P_A|Nanoteh, C, CP28, Cotfas_P_A||TPI, L, NII4, Machidon_O_M|||||AplRTVC, L, NIII6, Stanciu_A|RC, L, KB2, Curpen_D_M|AplRTVC, L, NII4, Carp_M_C||||SDBC, C, KB8, Romanca_M|TPI, C, KB8, Popescu_Vlad|PCI, C, KB8, Nicula_D
4|EA|4231|A||ELP, C, NII11, Stanca_A_C|||RC, C, KB14, Robu_D_N|||IEP, C, KB8, Ogrutan_P_L|Nanoteh, L, CI36, Cotfas_P_A|Nanoteh, C, CP28, Cotfas_P_A||TPI, L, NII4, Machidon_O_M|||||AplRTVC, L, NIII6, Stanciu_A|RC, L, KB2, Curpen_D_M|AplRTVC, L, NII4, Carp_M_C|||SDBC, C, KB8, Romanca_M|SDBC, C, KB8, Romanca_M|TPI, C, KB8, Popescu_Vlad|PCI, C, KB8, Nicula_D
4|EA|4231|B||ELP, C, NII11, Stanca_A_C|||RC, C, KB14, Robu_D_N|AplRTVC, P, NII4, Carp_M_C||IEP, C, KB8, Ogrutan_P_L||Nanoteh, C, CP28, Cotfas_P_A|Nanoteh, L, CI36, Cotfas_P_A||TPI, L, NII4, Machidon_O_M|||||AplRTVC, L, NIII6, Stanciu_A|RC, L, KB2, Curpen_D_M|AplRTVC, L, NII4, Carp_M_C|||SDBC, C, KB8, Romanca_M|TPI, C, KB8, Popescu_Vlad|PCI, C, KB8, Nicula_D
4|EA|4231|B||ELP, C, NII11, Stanca_A_C|ELP, L, NII11, Stanca_A_C||RC, C, KB14, Robu_D_N|||IEP, C, KB8, Ogrutan_P_L||Nanoteh, C, CP28, Cotfas_P_A|Nanoteh, L, CI36, Cotfas_P_A||TPI, L, NII4, Machidon_O_M|||||AplRTVC, L, NIII6, Stanciu_A|RC, L, KB2, Curpen_D_M|AplRTVC, L, NII4, Carp_M_C||SDBC, C, KB8, Romanca_M|SDBC, C, KB8, Romanca_M|TPI, C, KB8, Popescu_Vlad|PCI, C, KB8, Nicula_D
4|TSTC|4631|A||ISP, L,NII4, Kertesz_C_Z|TV, C, KB4, Nicolae_G|TV, L, NIII6, Nicolae_G|RC, C, KB14, Robu_D_N||||CCPS, P, KB6, Alexandru_M|CCPS, C, KB8, Alexandru_M|CCPS, L, KB6, Alexandru_M||||||||PAI, P, NIII5, Machidon_O_M|PAI, L, NII5, Machidon_O_M||RC, L, KB2, Curpen_D_M||PAI, C, KB8, Popescu_Vlad|||||ISC, C, KB14, Balan_T_C|ISP, C, KB8, Ogrutan_P_L|ISP, C, KB8, Ogrutan_P_L
4|TSTC|4631|A||ISP, L,NII4, Kertesz_C_Z|TV, C, KB4, Nicolae_G|TV, L, NIII6, Nicolae_G|RC, C, KB14, Robu_D_N||||RC, P, KB12, Curpen_D_M|CCPS, C, KB8, Alexandru_M|CCPS, L, KB6, Alexandru_M||||||||PAI, P, NIII5, Machidon_O_M|ISC, L, KB2, Balan_T_C||RC, L, KB2, Curpen_D_M||PAI, C, KB8, Popescu_Vlad|||||ISC, C, KB14, Balan_T_C|ISP, C, KB8, Ogrutan_P_L
4|TSTC|4631|B||TV, L, NIII6, Nicolae_G|TV, C, KB4, Nicolae_G|ISP, L,NII4, Balan_T_C|RC, C, KB14, Robu_D_N|||CCPS, L, KB6, Alexandru_M|CCPS, P, KB6, Alexandru_M|CCPS, C, KB8, Alexandru_M|||||||||PAI, P, NIII5, Machidon_O_M|ISC, L, KB2, Balan_T_C|||RC, L, KB10, Balan_T_C|PAI, C, KB8, Popescu_Vlad|||||ISC, C, KB14, Balan_T_C|ISP, C, KB8, Ogrutan_P_L|ISP, C, KB8, Ogrutan_P_L
4|TSTC|4631|B||TV, L, NIII6, Nicolae_G|TV, C, KB4, Nicolae_G|ISP, L,NII4, Balan_T_C|RC, C, KB14, Robu_D_N|||CCPS, L, KB6, Alexandru_M|RC, P, KB12, Curpen_D_M|CCPS, C, KB8, Alexandru_M|||||||||PAI, P, NIII5, Machidon_O_M|PAI, L, NII5, Machidon_O_M|||RC, L, KB10, Balan_T_C|PAI, C, KB8, Popescu_Vlad|||||ISC, C, KB14, Balan_T_C|ISP, C, KB8, Ogrutan_P_L
2|CALC|4951|A|TeorSis, S, VIII9, Coman_S||SD, C,KB14, Cataron_A_D|EdFiz, S, EDFIZ, Catanescu_A_C|Pedagogie, S, NII1, Mosoi_A||||BPS, L, NII4, Coliban_R|DEC, S, KB4, Pana_Gh|PCLPIII, C, NII1, Danciu_G_M|SD, L, NII3, Danciu_G_M|SD, L, NII3, Danciu_G_M||BPS, C, NII1, Ivanovici_L_M|BPS, C, NII1, Ivanovici_L_M||||||Engleza, S, NIII3, Sasu_E_L|ME, L, NII2, Machedon_P_M||BPS,S , KB4, Caliman_A|Pedagogie, C, PII1, Lazar_C_M|||DEC, C,NII1, Pana_Gh|DEC, C,NII1, Pana_Gh|TS, C, NII1, Floroian_D_I
2|CALC|4951|A|TeorSis, S, VIII9, Coman_S||SD, C,KB14, Cataron_A_D|Engleza, S, NI11, Sasu_E_L|Pedagogie, S, NII1, Mosoi_A||||BPS, L, NII4, Coliban_R|DEC, S, KB4, Pana_Gh|PCLPIII, C, NII1, Danciu_G_M|SD, L, NII3, Danciu_G_M|||BPS, C, NII1, Ivanovici_L_M|ME, C, NII1, Machedon_P_M||||||ME, L, NII2, Machedon_P_M|ME, L, NII2, Machedon_P_M||BPS,S , KB4, Caliman_A|Pedagogie, C, PII1, Lazar_C_M|||DEC, C,NII1, Pana_Gh|TS, C, NII1, Floroian_D_I|TS, C, NII1, Floroian_D_I||Engleza, C, NI1, Sasu_E_L
2|CALC|4951|B|TeorSis, S, VIII9, Coman_S||SD, C,KB14, Cataron_A_D|EdFiz, S, EDFIZ, Catanescu_A_C|Pedagogie, S, NII1, Mosoi_A|||ME, L, NII2, Machedon_P_M|ME, L, NII2, Machedon_P_M|DEC, S, KB4, Pana_Gh|PCLPIII, C, NII1, Danciu_G_M||||BPS, C, NII1, Ivanovici_L_M|BPS, C, NII1, Ivanovici_L_M|SD, L, NII3, Danciu_G_M|SD, L, NII3, Danciu_G_M||||Engleza, S, NIII3, Sasu_E_L||BPS, L, NII4, Coliban_R|BPS,S , KB4, Caliman_A|Pedagogie, C, PII1, Lazar_C_M|||DEC, C,NII1, Pana_Gh|DEC, C,NII1, Pana_Gh|TS, C, NII1, Floroian_D_I
2|CALC|4951|B|TeorSis, S, VIII9, Coman_S||SD, C,KB14, Cataron_A_D|Engleza, S, NI11, Sasu_E_L|Pedagogie, S, NII1, Mosoi_A||||ME, L, NII2, Machedon_P_M|DEC, S, KB4, Pana_Gh|PCLPIII, C, NII1, Danciu_G_M||||BPS, C, NII1, Ivanovici_L_M|ME, C, NII1, Machedon_P_M|SD, L, NII3, Danciu_G_M|||||||BPS, L, NII4, Coliban_R|BPS,S , KB4, Caliman_A|Pedagogie, C, PII1, Lazar_C_M|||DEC, C,NII1, Pana_Gh|TS, C, NII1, Floroian_D_I|TS, C, NII1, Floroian_D_I||Engleza, C, NI1, Sasu_E_L
2|CALC|4952|A||TeorSis, S, VIII9, Coman_S|SD, C,KB14, Cataron_A_D|EdFiz, S, EDFIZ, Catanescu_A_C|Pedagogie, S, NII1, Mosoi_A||||DEC, S, KB8, Pana_Gh|BPS, L, NII4, Coliban_R|PCLPIII, C, NII1, Danciu_G_M||||BPS, C, NII1, Ivanovici_L_M|BPS, C, NII1, Ivanovici_L_M||||||Engleza, S, NIII3, Sasu_E_L|SD, L, NII3, Danciu_G_M|ME, L, NII2, Machedon_P_M|ME, L, NII2, Machedon_P_M|BPS,S , KB4, Caliman_A|||DEC, C,NII1, Pana_Gh|DEC, C,NII1, Pana_Gh|TS, C, NII1, Floroian_D_I
2|CALC|4952|A||TeorSis, S, VIII9, Coman_S|SD, C,KB14, Cataron_A_D|Engleza, S, NI11, Sasu_E_L|Pedagogie, S, NII1, Mosoi_A||||DEC, S, KB8, Pana_Gh|BPS, L, NII4, Coliban_R|PCLPIII, C, NII1, Danciu_G_M||||BPS, C, NII1, Ivanovici_L_M|ME, C, NII1, Machedon_P_M||||||SD, L, NII3, Danciu_G_M|SD, L, NII3, Danciu_G_M|ME, L, NII2, Machedon_P_M||BPS,S , KB4, Caliman_A|||DEC, C,NII1, Pana_Gh|TS, C, NII1, Floroian_D_I|TS, C, NII1, Floroian_D_I||Engleza, C, NI1, Sasu_E_L
2|CALC|4952|B
2|CALC|4952|B
2|TI|4351|A|||ME, L, NII2, Tulbure_T_T|ME, L, NII2, Tulbure_T_T|BPS, L, NII3, Coliban_R|||DEC, S, NII1, Pana_Gh|EdFiz, S, EDFIZ, Catanescu_A_C||||||BPS, C, NII1, Ivanovici_L_M|BPS, C, NII1, Ivanovici_L_M||SD, P, VIII8, Moraru_S_A|SD, C, VIV7, Moraru_S_A|||TeorSis, S, VIII9, Coman_S|Engleza, S, NIII5, Sasu_E_L|||Pedagogie, C, PII1, Lazar_C_M|||DEC, C,NII1, Pana_Gh|DEC, C,NII1, Pana_Gh|TS, C, NII1, Floroian_D_I
2|TI|4351|A|SD, L, VIV5A, Cristoiu_C_L||ME, L, NII2, Tulbure_T_T||BPS, L, NII3, Coliban_R|||DEC, S, NII1, Pana_Gh|||||||BPS, C, NII1, Ivanovici_L_M|ME, C, NII1, Machedon_P_M||SD, P, VIII8, Moraru_S_A|SD, C, VIV7, Moraru_S_A|||TeorSis, S, VIII9, Coman_S||||Pedagogie, C, PII1, Lazar_C_M|||DEC, C,NII1, Pana_Gh|TS, C, NII1, Floroian_D_I|TS, C, NII1, Floroian_D_I||Engleza, C, NI1, Sasu_E_L
2|TI|4351|B|||||ME, L, NII2, Tulbure_T_T|BPS, L, NII3, Coliban_R||DEC, S, NII1, Pana_Gh|EdFiz, S, EDFIZ, Catanescu_A_C||||||BPS, C, NII1, Ivanovici_L_M|BPS, C, NII1, Ivanovici_L_M||SD, P, VIII8, Moraru_S_A|SD, C, VIV7, Moraru_S_A|||TeorSis, S, VIII9, Coman_S|Engleza, S, NIII5, Sasu_E_L|||Pedagogie, C, PII1, Lazar_C_M|||DEC, C,NII1, Pana_Gh|DEC, C,NII1, Pana_Gh|TS, C, NII1, Floroian_D_I
2|TI|4351|B||||ME, L, NII2, Tulbure_T_T|ME, L, NII2, Tulbure_T_T|BPS, L, NII3, Coliban_R||DEC, S, NII1, Pana_Gh|||||||BPS, C, NII1, Ivanovici_L_M|ME, C, NII1, Machedon_P_M||SD, P, VIII8, Moraru_S_A|SD, C, VIV7, Moraru_S_A|SD, L, VIV5A, Cristoiu_C_L||TeorSis, S, VIII9, Coman_S||||Pedagogie, C, PII1, Lazar_C_M|||DEC, C,NII1, Pana_Gh|TS, C, NII1, Floroian_D_I|TS, C, NII1, Floroian_D_I||Engleza, C, NI1, Sasu_E_L
2|TI|4352|A|||||Pedagogie, S, NII1, Mosoi_A|||DEC, S, NII1, Pana_Gh|EdFiz, S, EDFIZ, Catanescu_A_C||BPS, L, NII3, Coliban_R||||BPS, C, NII1, Ivanovici_L_M|BPS, C, NII1, Ivanovici_L_M||SD, P, VIII8, Moraru_S_A|SD, C, VIV7, Moraru_S_A|SD, L, VIV5A, Cristoiu_C_L||TeorSis, S, VIII9, Coman_S|ME, L, NIII6, Tulbure_T_T|ME, L, NIII6, Tulbure_T_T||Pedagogie, C, PII1, Lazar_C_M|||DEC, C,NII1, Pana_Gh|DEC, C,NII1, Pana_Gh|TS, C, NII1, Floroian_D_I
2|TI|4352|A||Engleza, S,NI11, Sasu_E_L|||Pedagogie, S, NII1, Mosoi_A|||DEC, S, NII1, Pana_Gh|||BPS, L, NII3, Coliban_R||||BPS, C, NII1, Ivanovici_L_M|ME, C, NII1, Machedon_P_M||SD, P, VIII8, Moraru_S_A|SD, C, VIV7, Moraru_S_A|||TeorSis, S, VIII9, Coman_S|ME, L, NIII6, Tulbure_T_T|||Pedagogie, C, PII1, Lazar_C_M|||DEC, C,NII1, Pana_Gh|TS, C, NII1, Floroian_D_I|TS, C, NII1, Floroian_D_I||Engleza, C, NI1, Sasu_E_L
2|TI|4352|B
2|TI|4352|B
1|CALC|4961|A|||PCLP, C, VIV7, Ungureanu_D_E|Grafica asist, C, CP6, Urdea_M|AnMate, C, CP6, Paltanea_E|InfoAp, C, CP6, Cotfas_P_A||Engleza, S, NIII3, Sasu_E_L|AnMate, S, KB4,Smuc_M|DepCom,S, PIII2, Mosoi_A|||||Grafica asist, L, AIV1, Lihtetchi_I|||UCSI, L, NII4, Bogdan_I_C||||ALGAD, S, PP6, Popovici_El|PCLP1, L, VIII12, Codescu_A|PCLP1, L, VIII12, Codescu_A|||||||||ALGAD, C, CP3, Voicu_N|ALGAD, C, CP3, Voicu_N
1|CALC|4961|A||PCLP, C, VIV7, Ungureanu_D_E|PCLP, C, VIV7, Ungureanu_D_E|AnMate, C, CP6, Paltanea_E|AnMate, C, CP6, Paltanea_E|Pedagogie, C, TI8, Lazar_C_M|||AnMate, S, KB4,Smuc_M|DepCom,S, PIII2, Mosoi_A|||||Grafica asist, L, AIV1, Lihtetchi_I|||UCSI, L, NII4, Bogdan_I_C|DepCom, C, NII1, Pavalache_I_M|||ALGAD, S, PP6, Popovici_El|PCLP1, L, VIII12, Codescu_A||||||||||ALGAD, C, CP3, Voicu_N|Engleza, C, NI1, Sasu_E_L
1|CALC|4961|B|||PCLP, C, VIV7, Ungureanu_D_E|Grafica asist, C, CP6, Urdea_M|AnMate, C, CP6, Paltanea_E|InfoAp, C, CP6, Cotfas_P_A||Engleza, S, NIII3, Sasu_E_L|AnMate, S, KB4,Smuc_M|DepCom,S, PIII2, Mosoi_A||||||Grafica asist, L, AIV1, Lihtetchi_I|UCSI, L, NII4, Bogdan_I_C|||||ALGAD, S, PP6, Popovici_El|Pedagogie, S, PP5, Mosoi_A||||||PCLP1, L, VIII12, Codescu_A||||ALGAD, C, CP3, Voicu_N|ALGAD, C, CP3, Voicu_N
1|CALC|4961|B||PCLP, C, VIV7, Ungureanu_D_E|PCLP, C, VIV7, Ungureanu_D_E|AnMate, C, CP6, Paltanea_E|AnMate, C, CP6, Paltanea_E|Pedagogie, C, TI8, Lazar_C_M|||AnMate, S, KB4,Smuc_M|DepCom,S, PIII2, Mosoi_A||||||Grafica asist, L, AIV1, Lihtetchi_I|UCSI, L, NII4, Bogdan_I_C||DepCom, C, NII1, Pavalache_I_M|||ALGAD, S, PP6, Popovici_El|Pedagogie, S, PP5, Mosoi_A||||||PCLP1, L, VIII12, Codescu_A|PCLP1, L, VIII12, Codescu_A|||ALGAD, C, CP3, Voicu_N|Engleza, C, NI1, Sasu_E_L
1|CALC|4962|A|||PCLP, C, VIV7, Ungureanu_D_E|Grafica asist, C, CP6, Urdea_M|AnMate, C, CP6, Paltanea_E|InfoAp, C, CP6, Cotfas_P_A||AnMate, S, KB4, Smuc_M||DepCom,S, PIII2, Mosoi_A|||||ALGAD, S, PP1, Popovici_El||Grafica asist, L, AIV1, Lihtetchi_I||||||Pedagogie, S, PP5, Mosoi_A||PCLP1, L, VIII12, Codescu_A||||UCSI, L, KB2, Dani_P||||ALGAD, C, CP3, Voicu_N|ALGAD, C, CP3, Voicu_N
1|CALC|4962|A||PCLP, C, VIV7, Ungureanu_D_E|PCLP, C, VIV7, Ungureanu_D_E|AnMate, C, CP6, Paltanea_E|AnMate, C, CP6, Paltanea_E|Pedagogie, C, TI8, Lazar_C_M||AnMate, S, KB4, Smuc_M||DepCom,S, PIII2, Mosoi_A|||||ALGAD, S, PP1, Popovici_El||Grafica asist, L, AIV1, Lihtetchi_I||DepCom, C, NII1, Pavalache_I_M||||Engleza, S, NIII5, Sasu_E_L|PCLP1, L, VIII12, Codescu_A|PCLP1, L, VIII12, Codescu_A||||UCSI, L, KB2, Dani_P||||ALGAD, C, CP3, Voicu_N|Engleza, C, NI1, Sasu_E_L
1|CALC|4962|B|||PCLP, C, VIV7, Ungureanu_D_E|Grafica asist, C, CP6, Urdea_M|AnMate, C, CP6, Paltanea_E|InfoAp, C, CP6, Cotfas_P_A||AnMate, S, KB4, Smuc_M||DepCom,S, PIII2, Mosoi_A|||||ALGAD, S, PP1, Popovici_El|PCLP1, L, VIII12, Codescu_A|PCLP1, L, VIII12, Codescu_A|Grafica asist, L, AIV1, Lihtetchi_I|||||Pedagogie, S, PP5, Mosoi_A|||||||UCSI, L, KB12, Dani_P|||ALGAD, C, CP3, Voicu_N|ALGAD, C, CP3, Voicu_N
1|CALC|4962|B||PCLP, C, VIV7, Ungureanu_D_E|PCLP, C, VIV7, Ungureanu_D_E|AnMate, C, CP6, Paltanea_E|AnMate, C, CP6, Paltanea_E|Pedagogie, C, TI8, Lazar_C_M||AnMate, S, KB4, Smuc_M||DepCom,S, PIII2, Mosoi_A|||||ALGAD, S, PP1, Popovici_El|PCLP1, L, VIII12, Codescu_A||Grafica asist, L, AIV1, Lihtetchi_I|DepCom, C, NII1, Pavalache_I_M||||Engleza, S, NIII5, Sasu_E_L|||||||UCSI, L, KB12, Dani_P|||ALGAD, C, CP3, Voicu_N|Engleza, C, NI1, Sasu_E_L
1|TI|4361|A|EdFiz, S, EDFIZ, Catanescu_A_C||PCLP, C, VIV7, Ungureanu_D_E|||UCSI, C, CP6, Cotfas_P_A||GAC, L, AIV1, Lihtetchi_I|Pedagogie, S, PI5, Mosoi_A||||||||ALGAD, S,PP6, Popovici_El|AnMate, S, PI2, Dimitriu_S|AnMate, C, PIII1, Raducanu_D|AnMate, C, PIII1, Raducanu_D||DepCom,S, VIV4,Mosoi_A|||UCSI, L, KB12, Dani_P|PCLP1, L, VIII12,Ungureanu_D_E|PCLP1, L, VIII12,Ungureanu_D_E||||||ALGAD, C, CP3, Voicu_N|ALGAD, C, CP3, Voicu_N
1|TI|4361|A||PCLP, C, VIV7, Ungureanu_D_E|PCLP, C, VIV7, Ungureanu_D_E|||DepCom, C, CP1, Pavalache_I_M||GAC, L, AIV1, Lihtetchi_I|Pedagogie, S, PI5, Mosoi_A||||||||ALGAD, S,PP6, Popovici_El|AnMate, S, PI2, Dimitriu_S|AnMate, C, PIII1, Raducanu_D|||DepCom,S, VIV4,Mosoi_A|Engleza, S, NIII5, Sasu_E_L||UCSI, L, KB12, Dani_P|PCLP1, L, VIII12,Ungureanu_D_E||||||Engleza, C, NI1, Sasu_E_L|ALGAD, C, CP3, Voicu_N
1|TI|4361|B|EdFiz, S, EDFIZ, Catanescu_A_C||PCLP, C, VIV7, Ungureanu_D_E|||UCSI, C, CP6, Cotfas_P_A|||GAC, L, AIV1, Lihtetchi_I||||||||ALGAD, S,PP6, Popovici_El|AnMate, S, PI2, Dimitriu_S|AnMate, C, PIII1, Raducanu_D|AnMate, C, PIII1, Raducanu_D||DepCom,S, VIV4,Mosoi_A||UCSI, L, KB12, Dani_P||Pedagogie, C, PII1, Lazar_C_M||||PCLP1, L, VIII12, Codescu_A|PCLP1, L, VIII12, Codescu_A||ALGAD, C, CP3, Voicu_N|ALGAD, C, CP3, Voicu_N
1|TI|4361|B||PCLP, C, VIV7, Ungureanu_D_E|PCLP, C, VIV7, Ungureanu_D_E|||DepCom, C, CP1, Pavalache_I_M||Engleza, S, NIII3, Sasu_E_L|GAC, L, AIV1, Lihtetchi_I||||||||ALGAD, S,PP6, Popovici_El|AnMate, S, PI2, Dimitriu_S|AnMate, C, PIII1, Raducanu_D|||DepCom,S, VIV4,Mosoi_A||UCSI, L, KB12, Dani_P||Pedagogie, C, PII1, Lazar_C_M|||||PCLP1, L, VIII12, Codescu_A|Engleza, C, NI1, Sasu_E_L|ALGAD, C, CP3, Voicu_N
1|TI|4362|A|EdFiz, S, EDFIZ, Catanescu_A_C||PCLP, C, VIV7, Ungureanu_D_E|||UCSI, C, CP6, Cotfas_P_A|||Pedagogie, S, PI5, Mosoi_A|GAC, L, AIV1, Lihtetchi_I|PCLP1, L, VIII12,Ungureanu_D_E||||||ALGAD, S,PP6, Popovici_El|AnMate, S, PI2, Dimitriu_S|AnMate, C, PIII1, Raducanu_D|AnMate, C, PIII1, Raducanu_D||DepCom,S, VIV4,Mosoi_A||||UCSI, L, KB2,Dani_P|||||||ALGAD, C, CP3, Voicu_N|ALGAD, C, CP3, Voicu_N
1|TI|4362|A||PCLP, C, VIV7, Ungureanu_D_E|PCLP, C, VIV7, Ungureanu_D_E|||DepCom, C, CP1, Pavalache_I_M||Engleza, S, NIII3, Sasu_E_L|Pedagogie, S, PI5, Mosoi_A|GAC, L, AIV1, Lihtetchi_I|PCLP1, L, VIII12,Ungureanu_D_E|PCLP1, L, VIII12,Ungureanu_D_E|||||ALGAD, S,PP6, Popovici_El|AnMate, S, PI2, Dimitriu_S|AnMate, C, PIII1, Raducanu_D|||DepCom,S, VIV4,Mosoi_A||||UCSI, L, KB2,Dani_P||||||Engleza, C, NI1, Sasu_E_L|ALGAD, C, CP3, Voicu_N
1|TI|4362|B|EdFiz, S, EDFIZ, Catanescu_A_C||PCLP, C, VIV7, Ungureanu_D_E|||UCSI, C, CP6, Cotfas_P_A|||Pedagogie, S, PI5, Mosoi_A||DepCom, S, VIV4, Mosoi_A|PCLP1, L, VIII12,Ungureanu_D_E|PCLP1, L, VIII12,Ungureanu_D_E||||ALGAD, S,PP6, Popovici_El|AnMate, S, PI2, Dimitriu_S|AnMate, C, PIII1, Raducanu_D|AnMate, C, PIII1, Raducanu_D||GAC, L, AIV1, Lihtetchi_I|UCSI, L, KB12, Dani_P|||Pedagogie, C, PII1, Lazar_C_M|||||||ALGAD, C, CP3, Voicu_N|ALGAD, C, CP3, Voicu_N
1|TI|4362|B||PCLP, C, VIV7, Ungureanu_D_E|PCLP, C, VIV7, Ungureanu_D_E|||DepCom, C, CP1, Pavalache_I_M||Engleza, S, NIII3, Sasu_E_L|Pedagogie, S, PI5, Mosoi_A||DepCom, S, VIV4, Mosoi_A||PCLP1, L, VIII12,Ungureanu_D_E||||ALGAD, S,PP6, Popovici_El|AnMate, S, PI2, Dimitriu_S|AnMate, C, PIII1, Raducanu_D|||GAC, L, AIV1, Lihtetchi_I|UCSI, L, KB12, Dani_P|||Pedagogie, C, PII1, Lazar_C_M||||||Engleza, C, NI1, Sasu_E_L|ALGAD, C, CP3, Voicu_N
1|AIA|4461|A|PCLP1, L, VIII12, Voinea_D|PCLP1, L, VIII12, Voinea_D||||Pedagogie, C, TI8, Lazar_C_M|||Engleza, S, NIII3, Sasu_E_L|||ALGAD, C, CP3, Manea_A_L||||AnMate, S, PI2, Parvulescu_C||DepCom, S, VIV4, Mosoi_A|AnMate, C, PIII1, Raducanu_D|AnMate, C, PIII1, Raducanu_D||Logica computationala, C, VIV7, Moldoveanu_F_D|PCLP, C, VIV7, Ungureanu_D_E|PCLP, C, VIV7, Ungureanu_D_E|Tehnologii web, L, VIII11, Nita_C_I||Tehnologii web, C, VIV7, Itu_L_M||||ALGAD, S, VIV8, Oana_A||Engleza, C, NI1, Sasu_E_L
1|AIA|4461|A|PCLP1, L, VIII12, Voinea_D|||||Pedagogie, C, TI8, Lazar_C_M|||Pedagogie, S, PI5, Mosoi_A|||ALGAD, C, CP3, Manea_A_L|ALGAD, C, CP3, Manea_A_L|||AnMate, S, PI2, Parvulescu_C||DepCom, S, VIV4, Mosoi_A|AnMate, C, PIII1, Raducanu_D|||Logica computationala, C, VIV7, Moldoveanu_F_D|Logica computationala, S, VIV7, Moldoveanu_F_D|PCLP, C, VIV7, Ungureanu_D_E|Tehnologii web, L, VIII11, Nita_C_I||DepCom, C, VIV7, Pavalache_I_M||||ALGAD, S, VIV8, Oana_A
1|AIA|4461|B||Engleza, S,NI11, Sasu_E_L|PCLP1, L, VIII12, Voinea_D|||Pedagogie, C, TI8, Lazar_C_M|||Tehnologii web, L, VIII11, Nita_C_I|||ALGAD, C, CP3, Manea_A_L||||AnMate, S, PI2, Parvulescu_C||DepCom, S, VIV4, Mosoi_A|AnMate, C, PIII1, Raducanu_D|AnMate, C, PIII1, Raducanu_D||Logica computationala, C, VIV7, Moldoveanu_F_D|PCLP, C, VIV7, Ungureanu_D_E|PCLP, C, VIV7, Ungureanu_D_E|||Tehnologii web, C, VIV7, Itu_L_M||||ALGAD, S, VIV8, Oana_A||Engleza, C, NI1, Sasu_E_L
1|AIA|4461|B|||PCLP1, L, VIII12, Voinea_D|||Pedagogie, C, TI8, Lazar_C_M||PCLP1, L, VIII12, Voinea_D|Tehnologii web, L, VIII11, Nita_C_I|||ALGAD, C, CP3, Manea_A_L|ALGAD, C, CP3, Manea_A_L|||AnMate, S, PI2, Parvulescu_C||DepCom, S, VIV4, Mosoi_A|AnMate, C, PIII1, Raducanu_D|||Logica computationala, C, VIV7, Moldoveanu_F_D|Logica computationala, S, VIV7, Moldoveanu_F_D|PCLP, C, VIV7, Ungureanu_D_E|||DepCom, C, VIV7, Pavalache_I_M||||ALGAD, S, VIV8, Oana_A
1|AIA|4462|A|Tehnologii web, L, VIII11, Nita_C_I|PCLP1, L, VIII12, Codescu_A||||Pedagogie, C, TI8, Lazar_C_M|||Engleza, S, NIII3, Sasu_E_L|||ALGAD, C, CP3, Manea_A_L||||||DepCom, S, VIV4, Mosoi_A|AnMate, C, PIII1, Raducanu_D|AnMate, C, PIII1, Raducanu_D||Logica computationala, C, VIV7, Moldoveanu_F_D|PCLP, C, VIV7, Ungureanu_D_E|PCLP, C, VIV7, Ungureanu_D_E|||Tehnologii web, C, VIV7, Itu_L_M|||AnMate, S, PP6, Parvulescu_C|ALGAD, S, VIV8, Oana_A||Engleza, C, NI1, Sasu_E_L
1|AIA|4462|A|Tehnologii web, L, VIII11, Nita_C_I|PCLP1, L, VIII12, Codescu_A||||Pedagogie, C, TI8, Lazar_C_M|||PCLP1, L, VIII12, Codescu_A|||ALGAD, C, CP3, Manea_A_L|ALGAD, C, CP3, Manea_A_L|||||DepCom, S, VIV4, Mosoi_A|AnMate, C, PIII1, Raducanu_D|||Logica computationala, C, VIV7, Moldoveanu_F_D|Logica computationala, S, VIV7, Moldoveanu_F_D|PCLP, C, VIV7, Ungureanu_D_E|||DepCom, C, VIV7, Pavalache_I_M|||AnMate, S, PP6, Parvulescu_C|ALGAD, S, VIV8, Oana_A
1|AIA|4462|B||||||Pedagogie, C, TI8, Lazar_C_M||Tehnologii web, L, VIII11, Nita_C_I|PCLP1, L, VIII12, Codescu_A|PCLP1, L, VIII12, Codescu_A||ALGAD, C, CP3, Manea_A_L||||||DepCom, S, VIV4, Mosoi_A|AnMate, C, PIII1, Raducanu_D|AnMate, C, PIII1, Raducanu_D||Logica computationala, C, VIV7, Moldoveanu_F_D|PCLP, C, VIV7, Ungureanu_D_E|PCLP, C, VIV7, Ungureanu_D_E|||Tehnologii web, C, VIV7, Itu_L_M|||AnMate, S, PP6, Parvulescu_C|ALGAD, S, VIV8, Oana_A||Engleza, C, NI1, Sasu_E_L
1|AIA|4462|B||||||Pedagogie, C, TI8, Lazar_C_M||Tehnologii web, L, VIII11, Nita_C_I|Pedagogie, S, PI5, Mosoi_A|PCLP1, L, VIII12, Codescu_A||ALGAD, C, CP3, Manea_A_L|ALGAD, C, CP3, Manea_A_L|||Engleza, S, NIII3, Sasu_E_L||DepCom, S, VIV4, Mosoi_A|AnMate, C, PIII1, Raducanu_D|||Logica computationala, C, VIV7, Moldoveanu_F_D|Logica computationala, S, VIV7, Moldoveanu_F_D|PCLP, C, VIV7, Ungureanu_D_E|||DepCom, C, VIV7, Pavalache_I_M|||AnMate, S, PP6, Parvulescu_C|ALGAD, S, VIV8, Oana_A
1|AIA|4463|A|||||PCLP1, L, VIII12, Codescu_A|PCLP1, L, VIII12, Codescu_A|||Engleza, S, NIII3, Sasu_E_L|||ALGAD, C, CP3, Manea_A_L||||AnMate, S, PI2, Parvulescu_C||DepCom, S, VIV4, Mosoi_A|AnMate, C, PIII1, Raducanu_D|AnMate, C, PIII1, Raducanu_D||Logica computationala, C, VIV7, Moldoveanu_F_D|PCLP, C, VIV7, Ungureanu_D_E|PCLP, C, VIV7, Ungureanu_D_E||Tehnologii web, L, VIII11, Nita_C_I|Tehnologii web, C, VIV7, Itu_L_M|||Logica computationala, S, VIII9, Moldoveanu_F_D|ALGAD, S, VIV8, Oana_A||Engleza, C, NI1, Sasu_E_L
1|AIA|4463|A||||||PCLP1, L, VIII12, Codescu_A|||Pedagogie, S, PI5, Mosoi_A||DepCom, S, VIV4, Mosoi_A|ALGAD, C, CP3, Manea_A_L|ALGAD, C, CP3, Manea_A_L|||AnMate, S, PI2, Parvulescu_C|||AnMate, C, PIII1, Raducanu_D|||Logica computationala, C, VIV7, Moldoveanu_F_D||PCLP, C, VIV7, Ungureanu_D_E||Tehnologii web, L, VIII11, Nita_C_I|DepCom, C, VIV7, Pavalache_I_M||||ALGAD, S, VIV8, Oana_A
1|AIA|4463|B||Tehnologii web, L, VIII11, Nita_C_I||PCLP1, L, VIII12, Codescu_A||Pedagogie, C, TI8, Lazar_C_M|||Engleza, S, NIII3, Sasu_E_L||DepCom, S, VIV4, Mosoi_A|ALGAD, C, CP3, Manea_A_L|||||||AnMate, C, PIII1, Raducanu_D|AnMate, C, PIII1, Raducanu_D||Logica computationala, C, VIV7, Moldoveanu_F_D|PCLP, C, VIV7, Ungureanu_D_E|PCLP, C, VIV7, Ungureanu_D_E|||Tehnologii web, C, VIV7, Itu_L_M||ALGAD, S, VIII14, Oana_A|Logica computationala, S, VIII9, Moldoveanu_F_D|AnMate, S, PP6, Parvulescu_C||Engleza, C, NI1, Sasu_E_L
1|AIA|4463|B||Tehnologii web, L, VIII11, Nita_C_I||PCLP1, L, VIII12, Codescu_A|PCLP1, L, VIII12, Codescu_A|Pedagogie, C, TI8, Lazar_C_M|||Pedagogie, S, PI5, Mosoi_A||DepCom, S, VIV4, Mosoi_A|ALGAD, C, CP3, Manea_A_L|ALGAD, C, CP3, Manea_A_L||||||AnMate, C, PIII1, Raducanu_D|||Logica computationala, C, VIV7, Moldoveanu_F_D||PCLP, C, VIV7, Ungureanu_D_E|||DepCom, C, VIV7, Pavalache_I_M||ALGAD, S, VIII14, Oana_A||AnMate, S, PP6, Parvulescu_C
1|AIA|4464|A||ALGAD, S, VIV10a, Oana_A||||Pedagogie, C, TI8, Lazar_C_M|||Engleza, S, NIII3, Sasu_E_L||DepCom, S, VIV4, Mosoi_A|ALGAD, C, CP3, Manea_A_L|||Tehnologii web, L, VIII11, Nita_C_I|||PCLP1, L, VIII12,Codescu_A|AnMate, C, PIII1, Raducanu_D|AnMate, C, PIII1, Raducanu_D||Logica computationala, C, VIV7, Moldoveanu_F_D|PCLP, C, VIV7, Ungureanu_D_E|PCLP, C, VIV7, Ungureanu_D_E|||Tehnologii web, C, VIV7, Itu_L_M||||AnMate, S, PP6, Parvulescu_C||Engleza, C, NI1, Sasu_E_L
1|AIA|4464|A||ALGAD, S, VIV10a, Oana_A||||Pedagogie, C, TI8, Lazar_C_M|||Pedagogie, S, PI5, Mosoi_A||DepCom, S, VIV4, Mosoi_A|ALGAD, C, CP3, Manea_A_L|ALGAD, C, CP3, Manea_A_L||Tehnologii web, L, VIII11, Nita_C_I||PCLP1, L, VIII12,Codescu_A|PCLP1, L, VIII12,Codescu_A|AnMate, C, PIII1, Raducanu_D|||Logica computationala, C, VIV7, Moldoveanu_F_D||PCLP, C, VIV7, Ungureanu_D_E|||DepCom, C, VIV7, Pavalache_I_M|||Logica computationala, S, VIII9, Moldoveanu_F_D|AnMate, S, PP6, Parvulescu_C
1|AIA|4464|B
1|AIA|4464|B
2|AIA|4451|A|PCLP3, L, VIV5A, Kristaly_D_M|MT, L, NII2, Dani_P||Robotica, C, VIV7, Pozna_C_R|Robotica, L, VIII15, Guiman_M_V|||TS, C, VIV7, Coman_S||CEL, L, VIV5B, Pitu_C_L|CEL, C, VIV7, Campeanu_R_M||||MT, C,VIV7, Floroian_L|MT, C,VIV7, Floroian_L|MN, C, NI1, Scutaru_Gh||PCLP3, C, VIV7, Moraru_S_A||||TS, L, VIII9, Coman_S|||Pedagogie, C, PII1, Lazar_C_M||||||MN, L, NP19, Lungoci_C_M
2|AIA|4451|A||MT, L, NII2, Dani_P||Robotica, C, VIV7, Pozna_C_R|Robotica, L, VIII15, Guiman_M_V|||TS, C, VIV7, Coman_S|Engleza, S, NIII3, Sasu_E_L||CEL, C, VIV7, Campeanu_R_M|CEL, C, VIV7, Campeanu_R_M|||MT, C,VIV7, Floroian_L|PCLP3, P, VIII8, Moraru_S_A|MN, C, NI1, Scutaru_Gh||PCLP3, C, VIV7, Moraru_S_A||||TS, S, VIII9, Coman_S|CEL, P, VIV5B, Campeanu_R_M||Pedagogie, C, PII1, Lazar_C_M||||||MN, L, NP19, Lungoci_C_M
2|AIA|4451|B||||Robotica, C, VIV7, Pozna_C_R|Pedagogie, S, NII1, Mosoi_A|Robotica, L, VIII15, Guiman_M_V|MT, L, NII2, Dani_P|TS, C, VIV7, Coman_S|||CEL, C, VIV7, Campeanu_R_M||||MT, C,VIV7, Floroian_L|MT, C,VIV7, Floroian_L|MN, C, NI1, Scutaru_Gh||PCLP3, C, VIV7, Moraru_S_A|||Engleza, S, NIII3, Sasu_E_L||||Pedagogie, C, PII1, Lazar_C_M|||||MN, L, NP19, Lungoci_C_M|Engleza, C, NI1, Sasu_E_L
2|AIA|4451|B||||Robotica, C, VIV7, Pozna_C_R|Pedagogie, S, NII1, Mosoi_A|Robotica, L, VIII15, Guiman_M_V|MT, L, NII2, Dani_P|TS, C, VIV7, Coman_S|TS, L, VIII9, Coman_S|CEL, L, VIV5B, Pitu_C_L|CEL, C, VIV7, Campeanu_R_M|CEL, C, VIV7, Campeanu_R_M|||MT, C,VIV7, Floroian_L|PCLP3, P, VIII8, Moraru_S_A|MN, C, NI1, Scutaru_Gh||PCLP3, C, VIV7, Moraru_S_A||||TS, S, VIII9, Coman_S|CEL, P, VIV5B, Campeanu_R_M||Pedagogie, C, PII1, Lazar_C_M|||PCLP3, L, VIV5A, Kristaly_D_M||MN, L, NP19, Lungoci_C_M
2|AIA|4452|A|MT, L, CP36, Floroian_L|||Robotica, C, VIV7, Pozna_C_R|Pedagogie, S, NII1, Mosoi_A|TS, L, VIII11, Cocias_T_T||TS, C, VIV7, Coman_S|||CEL, C, VIV7, Campeanu_R_M||PCLP3, L, VIV5A, Kristaly_D_M||MT, C,VIV7, Floroian_L|MT, C,VIV7, Floroian_L|MN, C, NI1, Scutaru_Gh||PCLP3, C, VIV7, Moraru_S_A|||CEL, P, VIV5B, Campeanu_R_M||||Pedagogie, C, PII1, Lazar_C_M||||||Engleza, C, NI1, Sasu_E_L|MN, L, NP19, Lungoci_C_M|Robotica, L, VIII15, Cocias_T_T
2|AIA|4452|A|MT, L, CP36, Floroian_L|||Robotica, C, VIV7, Pozna_C_R|Pedagogie, S, NII1, Mosoi_A|||TS, C, VIV7, Coman_S|Engleza, S, NIII3, Sasu_E_L||CEL, C, VIV7, Campeanu_R_M|CEL, C, VIV7, Campeanu_R_M|||MT, C,VIV7, Floroian_L|PCLP3, P, VIII8, Moraru_S_A|MN, C, NI1, Scutaru_Gh||PCLP3, C, VIV7, Moraru_S_A||||TS, S, VIII9, Coman_S||CEL, L, VIV5B, Pitu_C_L|Pedagogie, C, PII1, Lazar_C_M|||||||MN, L, NP19, Lungoci_C_M|Robotica, L, VIII15, Cocias_T_T
2|AIA|4452|B||||Robotica, C, VIV7, Pozna_C_R|Pedagogie, S, NII1, Mosoi_A|||TS, C, VIV7, Coman_S|TS, S, VIII9, Coman_S||CEL, C, VIV7, Campeanu_R_M||||MT, C,VIV7, Floroian_L|MT, C,VIV7, Floroian_L|MN, C, NI1, Scutaru_Gh||PCLP3, C, VIV7, Moraru_S_A|MT, L, CP36, Floroian_L||CEL, P, VIV5B, Campeanu_R_M|||CEL, L, VIV5B, Pitu_C_L|Pedagogie, C, PII1, Lazar_C_M|||MN, L, NP19, Lungoci_C_M|PCLP3, L, VIV5A, Kristaly_D_M||Engleza, C, NI1, Sasu_E_L|Robotica, L, VIII15, Cocias_T_T
2|AIA|4452|B||||Robotica, C, VIV7, Pozna_C_R|Pedagogie, S, NII1, Mosoi_A|TS, L, VIII11, Cocias_T_T||TS, C, VIV7, Coman_S|Engleza, S, NIII3, Sasu_E_L||CEL, C, VIV7, Campeanu_R_M|CEL, C, VIV7, Campeanu_R_M|||MT, C,VIV7, Floroian_L|PCLP3, P, VIII8, Moraru_S_A|MN, C, NI1, Scutaru_Gh||PCLP3, C, VIV7, Moraru_S_A|MT, L, CP36, Floroian_L||||||Pedagogie, C, PII1, Lazar_C_M|||MN, L, NP19, Lungoci_C_M||||Robotica, L, VIII15, Cocias_T_T
2|AIA|4453|A||||Robotica, C, VIV7, Pozna_C_R|Pedagogie, S, NII1, Mosoi_A|||TS, C, VIV7, Coman_S|TS, S, VIII9, Coman_S||CEL, C, VIV7, Campeanu_R_M||||MT, C,VIV7, Floroian_L|MT, C,VIV7, Floroian_L|MN, C, NI1, Scutaru_Gh|MN, L, NP19, Lungoci_C_M|PCLP3, C, VIV7, Moraru_S_A||MT, L, NII2, Dani_P|||CEL, P, VIV5B, Campeanu_R_M||Pedagogie, C, PII1, Lazar_C_M|||Robotica, L, VIII15, Cocias_T_T|TS, L, VIII11, Coman_S||Engleza, C, NI1, Sasu_E_L
2|AIA|4453|A||||Robotica, C, VIV7, Pozna_C_R|Pedagogie, S, NII1, Mosoi_A|||TS, C, VIV7, Coman_S|Engleza, S, NIII3, Sasu_E_L||CEL, C, VIV7, Campeanu_R_M|CEL, C, VIV7, Campeanu_R_M|||MT, C,VIV7, Floroian_L||MN, C, NI1, Scutaru_Gh|MN, L, NP19, Lungoci_C_M|PCLP3, C, VIV7, Moraru_S_A||MT, L, NII2, Dani_P||CEL, L, VIV5B, Pitu_C_L|PCLP3, P, VIII8, Moraru_S_A||Pedagogie, C, PII1, Lazar_C_M|||Robotica, L, VIII15, Cocias_T_T|PCLP3, L, VIV5A, Kristaly_D_M
2|AIA|4453|B||||Robotica, C, VIV7, Pozna_C_R|Pedagogie, S, NII1, Mosoi_A|MT, L, NII2, Dani_P||TS, C, VIV7, Coman_S|TS, S, VIII9, Coman_S|MN, L, NP19, Lungoci_C_M|CEL, C, VIV7, Campeanu_R_M||||MT, C,VIV7, Floroian_L|MT, C,VIV7, Floroian_L|MN, C, NI1, Scutaru_Gh||PCLP3, C, VIV7, Moraru_S_A||||CEL, L, VIV5B, Pitu_C_L|CEL, P, VIV5B, Campeanu_R_M||Pedagogie, C, PII1, Lazar_C_M|||PCLP3, L, VIV5A, Cristoiu_C_L|||Robotica, L, VIII15, Cocias_T_T
2|AIA|4453|B||||Robotica, C, VIV7, Pozna_C_R|Pedagogie, S, NII1, Mosoi_A|MT, L, NII2, Dani_P||TS, C, VIV7, Coman_S|Engleza, S, NIII3, Sasu_E_L|MN, L, NP19, Lungoci_C_M|CEL, C, VIV7, Campeanu_R_M|CEL, C, VIV7, Campeanu_R_M|||MT, C,VIV7, Floroian_L||MN, C, NI1, Scutaru_Gh||PCLP3, C, VIV7, Moraru_S_A|TS, L, VIII11, Coman_S||||PCLP3, P, VIII8, Moraru_S_A||Pedagogie, C, PII1, Lazar_C_M||||||Robotica, L, VIII15, Cocias_T_T|Engleza, C, NI1, Sasu_E_L
3|AIA|4441|A|AC, C, VIV7, Floroian_D_I|AC, C, VIV7, Floroian_D_I||||SDED, C, VIV7, Puiu_D|SDED, C, VIV7, Puiu_D||ASCN II, C, VIV7, Moldoveanu_F_D|ASCN II, P, VIII9, Moldoveanu_F_D||AC, L, VIII16, Floroian_L|BD, L, VIII8, Polexa_R_F||||BD, C, VIV7, Moraru_S_A|IS, S, VIV7, Danila_A|IS, C, VIV4, Danila_A|||IS, L, VIII13, Danila_A|SCR, L, VIII15, Fratu_A|||SCR, C, VIV7, Fratu_A|Pedagogie, C, JV2, Gheza_C_F||SDED, L, VIII11, Puiu_D
3|AIA|4441|A|AC, C, VIV7, Floroian_D_I|||||SDED, C, VIV7, Puiu_D||ASCN II, S, VIII9, Moldoveanu_F_D|ASCN II, C, VIV7, Moldoveanu_F_D|||AC, L, VIII16, Floroian_L|BD, L, VIII8, Polexa_R_F||||BD, C, VIV7, Moraru_S_A|IS, C, VIV7, Danila_A|IS, C, VIV4, Danila_A|||ASCN II, L, VIII11, Marina_L|SCR, L, VIII15, Fratu_A|||SCR, C, VIV7, Fratu_A|Pedagogie, C, JV2, Gheza_C_F||SDED, L, VIII11, Puiu_D
3|AIA|4441|B|AC, C, VIV7, Floroian_D_I|AC, C, VIV7, Floroian_D_I||||SDED, C, VIV7, Puiu_D|SDED, C, VIV7, Puiu_D||ASCN II, C, VIV7, Moldoveanu_F_D|ASCN II, P, VIII9, Moldoveanu_F_D||Pedagogie, S, KB14, Jude_I|SDED, L, VIII11, Puiu_D||BD, L, VIII8, Polexa_R_F||BD, C, VIV7, Moraru_S_A|IS, S, VIV7, Danila_A|IS, C, VIV4, Danila_A|||ASCN II, L, VIII11, Marina_L|AC, L, VIII16, Floroian_D_I|SCR, L, VIII15, Fratu_A||SCR, C, VIV7, Fratu_A|Pedagogie, C, JV2, Gheza_C_F
3|AIA|4441|B|AC, C, VIV7, Floroian_D_I|||||SDED, C, VIV7, Puiu_D||ASCN II, S, VIII9, Moldoveanu_F_D|ASCN II, C, VIV7, Moldoveanu_F_D|||Pedagogie, S, KB14, Jude_I|SDED, L, VIII11, Puiu_D||BD, L, VIII8, Polexa_R_F||BD, C, VIV7, Moraru_S_A|IS, C, VIV7, Danila_A|IS, C, VIV4, Danila_A|||IS, L, VIII13, Danila_A|AC, L, VIII16, Floroian_D_I|SCR, L, VIII15, Fratu_A||SCR, C, VIV7, Fratu_A|Pedagogie, C, JV2, Gheza_C_F
3|AIA|4442|A|AC, C, VIV7, Floroian_D_I|AC, C, VIV7, Floroian_D_I||||SDED, C, VIV7, Puiu_D|SDED, C, VIV7, Puiu_D||ASCN II, C, VIV7, Moldoveanu_F_D|IS, L, VIII13, Danila_A||Pedagogie, S, KB14, Jude_I|AC, L, VIII16, Floroian_L||ASCN II, L, VIII16, Marina_L||BD, C, VIV7, Moraru_S_A|IS, S, VIV7, Danila_A|IS, C, VIV4, Danila_A|||BD, L, VIII8, Polexa_R_F||||SCR, C, VIV7, Fratu_A|Pedagogie, C, JV2, Gheza_C_F||||SCR, L, VIII15, Fratu_A||SDED, L, VIII11, Puiu_D
3|AIA|4442|A|AC, C, VIV7, Floroian_D_I|||||SDED, C, VIV7, Puiu_D||ASCN II, S, VIII9, Moldoveanu_F_D|ASCN II, C, VIV7, Moldoveanu_F_D|ASCN II, P, VIII9, Moldoveanu_F_D||Pedagogie, S, KB14, Jude_I|AC, L, VIII16, Floroian_L||||BD, C, VIV7, Moraru_S_A|IS, C, VIV7, Danila_A|IS, C, VIV4, Danila_A|||BD, L, VIII8, Polexa_R_F||||SCR, C, VIV7, Fratu_A|Pedagogie, C, JV2, Gheza_C_F||||SCR, L, VIII15, Fratu_A||SDED, L, VIII11, Puiu_D
3|AIA|4442|B|AC, C, VIV7, Floroian_D_I|AC, C, VIV7, Floroian_D_I||||SDED, C, VIV7, Puiu_D|SDED, C, VIV7, Puiu_D|ASCN II, S, VIII9, Moldoveanu_F_D|ASCN II, C, VIV7, Moldoveanu_F_D|||SDED, L, VIII11, Puiu_D||||AC, L, VIII16, Floroian_D_I|BD, C, VIV7, Moraru_S_A||IS, C, VIV4, Danila_A||||IS, L, VIII13, Danila_A|||SCR, C, VIV7, Fratu_A|BD, L, VIII15, Polexa_R_F|||SCR, L, VIII15, Fratu_A
3|AIA|4442|B|AC, C, VIV7, Floroian_D_I|||||SDED, C, VIV7, Puiu_D|IS, S, VIII13, Danila_A||ASCN II, C, VIV7, Moldoveanu_F_D|ASCN II, P, VIII9, Moldoveanu_F_D||SDED, L, VIII11, Puiu_D||||AC, L, VIII16, Floroian_L|BD, C, VIV7, Moraru_S_A|IS, C, VIV7, Danila_A|IS, C, VIV4, Danila_A|||||||SCR, C, VIV7, Fratu_A|BD, L, VIII15, Polexa_R_F||ASCN II, L, VIII16, Marina_L|SCR, L, VIII15, Fratu_A
3|AIA|4443|A|AC, C, VIV7, Floroian_D_I|AC, C, VIV7, Floroian_D_I||||SDED, C, VIV7, Puiu_D|SDED, C, VIV7, Puiu_D|ASCN II, S, VIII9, Moldoveanu_F_D|ASCN II, C, VIV7, Moldoveanu_F_D||ASCN II, P, VIII9, Moldoveanu_F_D|Pedagogie, S, KB14, Jude_I|||||BD, C, VIV7, Moraru_S_A||IS, C, VIV4, Danila_A|||AC, L, VIII16, Floroian_L|IS, L, VIII13, Danila_A||SCR, L, VIII15, Fratu_A|SCR, C, VIV7, Fratu_A|Pedagogie, C, JV2, Gheza_C_F||BD, L, VIII8, Polexa_R_F|||||SDED, L, VIII11, Puiu_D
3|AIA|4443|A|AC, C, VIV7, Floroian_D_I|||||SDED, C, VIV7, Puiu_D|IS, S, VIII13, Danila_A||ASCN II, C, VIV7, Moldoveanu_F_D||||||ASCN II, L, VIII16, Marina_L||BD, C, VIV7, Moraru_S_A|IS, C, VIV7, Danila_A|IS, C, VIV4, Danila_A|||AC, L, VIII16, Floroian_L|||SCR, L, VIII15, Fratu_A|SCR, C, VIV7, Fratu_A|Pedagogie, C, JV2, Gheza_C_F||BD, L, VIII8, Polexa_R_F|||||SDED, L, VIII11, Puiu_D
3|AIA|4443|B
3|AIA|4443|B
3|TI|4341|A|ASC, C, VIV7, Floroian_D_I|ASC, C, VIV7, Floroian_D_I||EG, C, VIV5A, Popa_Lumi||BD, L, VIII8, Polexa_R_F||ASC, L, VIII16, Floroian_L|EG, L, VIV5A, Popa_Lumi||PVAR, C, VIII15, Fratu_A|PVAR, L, VIII15, Fratu_A|||||BD, C, VIV7, Moraru_S_A||MIS, C, VIV4, Danila_A|MIS, S, VIII13, Danila_A|MIS, L, VIII13, Danila_A|||||SO, L, VI1A, Demeter_R|SO, C, VI1A, Demeter_R
3|TI|4341|A|ASC, C, VIV7, Floroian_D_I|||EG, C, VIV5A, Popa_Lumi|EG,P, VIV5A, Popa_Lumi|BD, L, VIII8, Polexa_R_F||ASC, L, VIII16, Floroian_D_I|EG, L, VIV5A, Popa_Lumi||PVAR, C, VIII15, Fratu_A|PVAR, L, VIII15, Fratu_A|||||BD, C, VIV7, Moraru_S_A|MIS, C, VIV7, Danila_A|MIS, C, VIV4, Danila_A|||||||SO, L, VI1A, Demeter_R|SO, C, VI1A, Demeter_R
3|TI|4341|B|ASC, C, VIV7, Floroian_D_I|ASC, C, VIV7, Floroian_D_I||EG, C, VIV5A, Popa_Lumi||||EG, L, VIV5A, Popa_Lumi|ASC, L, VIII16, Floroian_D_I||PVAR, C, VIII15, Fratu_A|Pedagogie, S, KB14, Jude_I|PVAR, L, VIII15, Fratu_A||BD, L, VIII15, Polexa_R_F||BD, C, VIV7, Moraru_S_A||MIS, C, VIV4, Danila_A|MIS, S, VIII13, Danila_A|||SO, L, VI1A, Manea_Ad||||SO, C, VI1A, Demeter_R
3|TI|4341|B|ASC, C, VIV7, Floroian_D_I|||EG, C, VIV5A, Popa_Lumi|EG,P, VIV5A, Popa_Lumi|||EG, L, VIV5A, Popa_Lumi|ASC, L, VIII16, Floroian_D_I||PVAR, C, VIII15, Fratu_A|Pedagogie, S, KB14, Jude_I|PVAR, L, VIII15, Fratu_A||BD, L, VIII15, Polexa_R_F||BD, C, VIV7, Moraru_S_A|MIS, C, VIV7, Danila_A|MIS, C, VIV4, Danila_A|MIS, L, VIII13, Danila_A|||SO, L, VI1A, Manea_Ad||||SO, C, VI1A, Demeter_R
4|AIA|4431|A|SVA, L, VIII16, Grigorescu_S_M|TIA, C, VI1A, Suciu_C|TIA, S, VI1A, Suciu_C|TIA, L, VI1A, Suciu_C||||||CPSOTR, C, VIV7, Stefan_I|CPSOTR, L, VI1A, Stefan_I|CPSOTR, L, VI1A, Stefan_I|||SAR, C, VIII9, Coman_S|SAR, L, VIII9, Boldisor_C_N||||RC, L, VI1A, Manea_Ad|||RC, C, VI1A, Demeter_R|CAE, C, VIII9, Diaconu_L_I||CAE, L, VIII13, Diaconu_L_I|CAE, P, VIII13, Diaconu_L_I|||SVA, C, VIV7, Grigorescu_S_M|SVA, C, VIV7, Grigorescu_S_M
4|AIA|4431|A|SVA, L, VIII16, Grigorescu_S_M|TIA, C, VI1A, Suciu_C||||||||CPSOTR, C, VIV7, Stefan_I|CPSOTR, L, VI1A, Stefan_I||||SAR, C, VIII9, Coman_S|SAR, L, VIII9, Boldisor_C_N||||RC, L, VI1A, Demeter_R|||RC, C, VI1A, Demeter_R|CAE, C, VIII9, Diaconu_L_I|||||||SVA, C, VIV7, Grigorescu_S_M
4|AIA|4431|B||TIA, C, VI1A, Suciu_C|TIA, S, VI1A, Suciu_C|||CPSOTR, L, VI1A, Stefan_I||||CPSOTR, C, VIV7, Stefan_I|||||SAR, C, VIII9, Coman_S|RC, L, VI1A, Manea_Ad|SAR, L, VIII9, Boldisor_C_N|||SVA, L, VIII16, Grigorescu_S_M|||RC, C, VI1A, Demeter_R|CAE, C, VIII9, Diaconu_L_I|||CAE, P, VIII13, Diaconu_L_I|||SVA, C, VIV7, Grigorescu_S_M|SVA, C, VIV7, Grigorescu_S_M
4|AIA|4431|B||TIA, C, VI1A, Suciu_C|TIA, L, VI1A, Suciu_C||CPSOTR, L, VI1A, Stefan_I|CPSOTR, L, VI1A, Stefan_I||||CPSOTR, C, VIV7, Stefan_I|||||SAR, C, VIII9, Coman_S|RC, L, VI1A, Manea_Ad|SAR, L, VIII9, Boldisor_C_N|||SVA, L, VIII16, Grigorescu_S_M|||RC, C, VI1A, Demeter_R|CAE, C, VIII9, Diaconu_L_I||CAE, L, VIII13, Diaconu_L_I|||||SVA, C, VIV7, Grigorescu_S_M
4|AIA|4432|A|TIA, L, VI1A, Itu_L_M|TIA, C, VI1A, Suciu_C|TIA, S, VI1A, Suciu_C|||||CPSOTR, L, VI1A, Stefan_I|CPSOTR, L, VI1A, Stefan_I|CPSOTR, C, VIV7, Stefan_I|||||SAR, C, VIII9, Coman_S||RC, L, VI1A, Manea_Ad|SAR, L, VIII9, Boldisor_C_N|||||RC, C, VI1A, Demeter_R|CAE, C, VIII9, Diaconu_L_I||||||SVA, C, VIV7, Grigorescu_S_M|SVA, C, VIV7, Grigorescu_S_M|||SVA, L, VIII16, Grigorescu_S_M
4|AIA|4432|A||TIA, C, VI1A, Suciu_C||||||CPSOTR, L, VI1A, Stefan_I||CPSOTR, C, VIV7, Stefan_I|||||SAR, C, VIII9, Coman_S||RC, L, VI1A, Manea_Ad|SAR, L, VIII9, Boldisor_C_N|||||RC, C, VI1A, Demeter_R|CAE, C, VIII9, Diaconu_L_I|CAE, L, VIII13, Diaconu_L_I||CAE, P, VIII13, Diaconu_L_I||||SVA, C, VIV7, Grigorescu_S_M|||SVA, L, VIII16, Grigorescu_S_M
4|AIA|4432|B||TIA, C, VI1A, Suciu_C|TIA, S, VI1A, Suciu_C|SAR, L, VIII9, Boldisor_C_N||||||CPSOTR, C, VIV7, Stefan_I|||||SAR, C, VIII9, Coman_S|||||||RC, L, VI1A, Manea_Ad|RC, C, VI1A, Demeter_R|CAE, C, VIII9, Diaconu_L_I|CAE, L, VIII13, Diaconu_L_I|||||SVA, C, VIV7, Grigorescu_S_M|SVA, C, VIV7, Grigorescu_S_M|CPSOTR, L, VI1A, Stefan_I|CPSOTR, L, VI1A, Stefan_I||SVA, L, VIII16, Grigorescu_S_M
4|AIA|4432|B|TIA, L, VI1A, Itu_L_M|TIA, C, VI1A, Suciu_C||SAR, L, VIII9, Boldisor_C_N||||||CPSOTR, C, VIV7, Stefan_I|||||SAR, C, VIII9, Coman_S|||||||RC, L, VI1A, Manea_Ad|RC, C, VI1A, Demeter_R|CAE, C, VIII9, Diaconu_L_I|||CAE, P, VIII13, Diaconu_L_I||||SVA, C, VIV7, Grigorescu_S_M|CPSOTR, L, VI1A, Stefan_I|||SVA, L, VIII16, Grigorescu_S_M
4|TI|4331|A|||PAIE,L, VIV5A, Popa_Lumi|||SSI, C, VIV5A, Ghisa_V_E|||SICF, C, VIII8, Demeter_R|CPSOTR, C, VIV7, Stefan_I|SICF, L, VIII8, Demeter_R|||||OPI, C, VIV5A, Ghisa_V_E|OPI, L, VIV5A, Ghisa_V_E||PAIE, C, VIII14, Sisak_F|SSI, P, VIII8, Risnoveanu_C||SSI, L, VIV5A, Risnoveanu_C|||UWIA, L, VIII8, Perniu_D|UWIA, C, VIII8, Perniu_D|||CPSOTR, L, VI1A, Stefan_I
4|TI|4331|A|||PAIE,L, VIV5A, Popa_Lumi|CPSOTR, S, VI1B, Stefan_I||SSI, C, VIV5A, Ghisa_V_E|||SICF, C, VIII8, Demeter_R|CPSOTR, C, VIV7, Stefan_I|SICF, L, VIII8, Demeter_R|||||OPI, C, VIV5A, Ghisa_V_E|OPI, L, VIV5A, Ghisa_V_E||PAIE, C, VIII14, Sisak_F|||SSI, L, VIV5A, Risnoveanu_C||UWIA, P, VIII8, Perniu_D|UWIA, L, VIII8, Perniu_D|UWIA, C, VIII8, Perniu_D|||CPSOTR, L, VI1A, Stefan_I|CPSOTR, L, VI1A, Stefan_I
4|TI|4331|B||SSI, L, VIV5A, Risnoveanu_C||CPSOTR, S, VI1B, Stefan_I||SSI, C, VIV5A, Ghisa_V_E|||SICF, C, VIII8, Demeter_R|CPSOTR, C, VIV7, Stefan_I||SICF, L, VIII8, Demeter_R||||OPI, C, VIV5A, Ghisa_V_E||OPI, L, VIV5A, Ghisa_V_E|PAIE, C, VIII14, Sisak_F|SSI, P, VIII8, Risnoveanu_C|||||PAIE,L, VIV5A, Popa_Lumi|UWIA, C, VIII8, Perniu_D|UWIA, L, VIII8, Perniu_D|||CPSOTR, L, VI1A, Stefan_I|CPSOTR, L, VI1A, Stefan_I
4|TI|4331|B||SSI, L, VIV5A, Risnoveanu_C||||SSI, C, VIV5A, Ghisa_V_E|||SICF, C, VIII8, Demeter_R|CPSOTR, C, VIV7, Stefan_I||SICF, L, VIII8, Demeter_R||||OPI, C, VIV5A, Ghisa_V_E||OPI, L, VIV5A, Ghisa_V_E|PAIE, C, VIII14, Sisak_F|||||UWIA, P, VIII8, Perniu_D|PAIE,L, VIV5A, Popa_Lumi|UWIA, C, VIII8, Perniu_D|UWIA, L, VIII8, Perniu_D||||CPSOTR, L, VI1A, Stefan_I
1|RO|4861|A|||Mecanica, C, VIII15,Pozna_C_R|EdFiz, S, EDFIZ, Catanescu_A_C||Pedagogie, C, TI8, Lazar_C_M|||Pedagogie, S, PI5, Mosoi_A|||ALGAD, C, CP3, Manea_A_L|||Engleza, S, NI11, Sasu_E_L|AnMate, S, VIII14, Oana_A||Mecanica, L, CI10, Pozna_C_R|AnMate, C, PIII1, Raducanu_D|AnMate, C, PIII1, Raducanu_D||Logica computationala, C, VIV7, Moldoveanu_F_D|PCLP, C, VIV7, Ungureanu_D_E|PCLP, C, VIV7, Ungureanu_D_E||PCLP1, L, VIII15, Cocias_T_T|||Logica computationala, S, VIII9, Moldoveanu_F_D|ALGAD, S, VIII14, Oana_A|||Engleza, C, NI1, Sasu_E_L
1|RO|4861|A|||Mecanica, C, VIII15,Pozna_C_R|||Pedagogie, C, TI8, Lazar_C_M|||Pedagogie, S, PI5, Mosoi_A|||ALGAD, C, CP3, Manea_A_L|ALGAD, C, CP3, Manea_A_L|||AnMate, S, VIII14, Oana_A||Mecanica, L, CI10, Pozna_C_R|AnMate, C, PIII1, Raducanu_D|||Logica computationala, C, VIV7, Moldoveanu_F_D||PCLP, C, VIV7, Ungureanu_D_E||PCLP1, L, VIII15, Cocias_T_T|PCLP1, L, VIII15, Cocias_T_T|||ALGAD, S, VIII14, Oana_A
1|RO|4861|B|||Mecanica, C, VIII15,Pozna_C_R|EdFiz, S, EDFIZ, Catanescu_A_C||Pedagogie, C, TI8, Lazar_C_M|||Pedagogie, S, PI5, Mosoi_A|||ALGAD, C, CP3, Manea_A_L|||Engleza, S, NI11, Sasu_E_L|AnMate, S, VIII14, Oana_A|Mecanica, L, CI10, Pozna_C_R||AnMate, C, PIII1, Raducanu_D|AnMate, C, PIII1, Raducanu_D||Logica computationala, C, VIV7, Moldoveanu_F_D|PCLP, C, VIV7, Ungureanu_D_E|PCLP, C, VIV7, Ungureanu_D_E|||PCLP1, L, VIII15, Cocias_T_T|PCLP1, L, VIII15, Cocias_T_T|Logica computationala, S, VIII9, Moldoveanu_F_D|ALGAD, S, VIII14, Oana_A|||Engleza, C, NI1, Sasu_E_L
1|RO|4861|B|||Mecanica, C, VIII15,Pozna_C_R|||Pedagogie, C, TI8, Lazar_C_M|||Pedagogie, S, PI5, Mosoi_A|||ALGAD, C, CP3, Manea_A_L|ALGAD, C, CP3, Manea_A_L|||AnMate, S, VIII14, Oana_A|Mecanica, L, CI10, Pozna_C_R||AnMate, C, PIII1, Raducanu_D|||Logica computationala, C, VIV7, Moldoveanu_F_D||PCLP, C, VIV7, Ungureanu_D_E||||PCLP1, L, VIII15, Cocias_T_T||ALGAD, S, VIII14, Oana_A
2|RO|4851|A|MOM, C, GP3, Antonya_C|MOM, C, GP3, Mogan_G_L|MOM, P, DI5, Butila_E_V||Pedagogie, S, NII1, Mosoi_A||EdFiz, S, EDFIZ, Catanescu_A_C|RezMater., C, DI3,Velea_M_N|RezMater., S, CI12, Velea_M_N|||||||Engleza, S, NIII6, Sasu_E_L|Met. numerice, L, VIII11, Macesanu_G|Baz. robo,C, VIII11, Macesanu_G|PCLP3, C, VIV7, Moraru_S_A|Met. numerice,C, VIII15, Macesanu_G||Mec.fluide., C, VIII14, Ivanoiu_M|Mec.fluide., L, HI32, Ivanoiu_M|PCLP3, P, VIII8, Moraru_S_A||Pedagogie, C, PII1, Lazar_C_M
2|RO|4851|A||MOM, C, GP3, Mogan_G_L|MOM, L, DI5, Butila_E_V||Pedagogie, S, NII1, Mosoi_A|||RezMater., C, DI3,Velea_M_N|RezMater., P, CI12,Velea_M_N|Baz. robo,L, VIII11, Macesanu_G|||PCLP3, L, VIV5A, Cristoiu_C_L||||Met. numerice, L, VIII11, Macesanu_G|Baz. robo,C, VIII11, Macesanu_G|PCLP3, C, VIV7, Moraru_S_A|Met. numerice,C, VIII15, Macesanu_G||Mec.fluide., C, VIII14, Ivanoiu_M|Mec.fluide., L, HI32, Ivanoiu_M|||Pedagogie, C, PII1, Lazar_C_M|||||||Engleza, C, NI1, Sasu_E_L
2|RO|4851|B
2|RO|4851|B
3|RO|4841|A||PAC,L, DI5, Butila_E_V||PRI,C, DI5, Duguleana_M|PRI,C, GP3, Duguleana_M|||CDR, L, VIII11, Pozna_C_R|CDR, P, VIII14, Pozna_C_R|CDR, C, VIII14, Pozna_C_R||Pedagogie, S, KB14, Jude_I||||BSA, L, VIII11, Coman_S||PAC,C, DI5, Butila_E_V|RVR,L, DI5, Girbacia_F_S|RVR,C, GP3, Girbacia_F_S||MLCN, C, DI5, Butnariu_S_L|MLCN, L, DI5, Butnariu_S_L||||Pedagogie, C, JV2, Gheza_C_F||BSA, C, VIV7, Coman_S
3|RO|4841|A||PAC,L, DI5, Butila_E_V||PRI,C, DI5, Duguleana_M|PRI,C, GP3, Duguleana_M||||CDR, P, VIII14, Pozna_C_R|CDR, C, VIII14, Pozna_C_R||Pedagogie, S, KB14, Jude_I||||BSA, L, VIII11, Coman_S||PAC,C, DI5, Butila_E_V|RVR,L, DI5, Girbacia_F_S|RVR,C, GP3, Girbacia_F_S||MLCN, C, DI5, Butnariu_S_L|MLCN, L, DI5, Butila_E_V|MLCN, P, DI5, Butila_E_V|||Pedagogie, C, JV2, Gheza_C_F||BSA, C, VIV7, Coman_S
3|RO|4841|B
3|RO|4841|B
1|SATI|4761|A||||SI, L, VIII8, Demeter_R|||||||SII, P, VIII14, Moraru_S_A|SII, C, VIII8, Risnoveanu_C|||||||SI, C, VI1A, Demeter_R|RIC, C, VI1A, Suciu_C|||||RIC, L, VI1B, Suciu_C||||||MSC, P, VIII9, Boldisor_C_N||MSC, C, VIII9, Boldisor_C_N|MSC, L, VIII9, Boldisor_C_N
1|SATI|4761|A||||SI, L, VIII8, Demeter_R|SII, L, VIII12, Risnoveanu_C|||||||SII, C, VIII8, Risnoveanu_C|||||||SI, C, VI1A, Demeter_R|RIC, C, VI1A, Suciu_C|||||RIC, L, VI1B, Suciu_C||||||||MSC, C, VIII9, Boldisor_C_N
1|SATI|4761|B|||||SI, L, VI1B, Demeter_R|SII, L, VIII12, Risnoveanu_C|||||SII, P, VIII14, Moraru_S_A|SII, C, VIII8, Risnoveanu_C|||||||SI, C, VI1A, Demeter_R|RIC, C, VI1A, Suciu_C||||||RIC, L, VI1B, Suciu_C|||||MSC, P, VIII9, Boldisor_C_N||MSC, C, VIII9, Boldisor_C_N
1|SATI|4761|B|||||SI, L, VI1B, Demeter_R|||||||SII, C, VIII8, Risnoveanu_C|||||||SI, C, VI1A, Demeter_R|RIC, C, VI1A, Suciu_C||||||RIC, L, VI1B, Suciu_C|||||||MSC, C, VIII9, Boldisor_C_N|MSC, L, VIII9, Boldisor_C_N
1|SATI|4762|A|||||SII, L, VIII12, Risnoveanu_C|SI, L, VI1B, Demeter_R|||||SII, P, VIII14, Moraru_S_A|SII, C, VIII8, Risnoveanu_C|||||||SI, C, VI1A, Demeter_R|RIC, C, VI1A, Suciu_C|||||||RIC, L, VI1B, Suciu_C||||MSC, P, VIII9, Boldisor_C_N|MSC, L, VIII9, Boldisor_C_N|MSC, C, VIII9, Boldisor_C_N
1|SATI|4762|A||||||SI, L, VI1B, Demeter_R||||||SII, C, VIII8, Risnoveanu_C|||||||SI, C, VI1A, Demeter_R|RIC, C, VI1A, Suciu_C|||||||RIC, L, VI1B, Suciu_C||||||MSC, C, VIII9, Boldisor_C_N
1|SATI|4762|B|||||||SI, L, VI1B, Demeter_R||||SII, P, VIII14, Moraru_S_A|SII, C, VIII8, Risnoveanu_C|RIC, L, VI1B, Itu_L_M||||||SI, C, VI1A, Demeter_R|RIC, C, VI1A, Suciu_C|||||||||||MSC, P, VIII9, Boldisor_C_N||MSC, C, VIII9, Boldisor_C_N
1|SATI|4762|B||||||SII, L, VIII12, Risnoveanu_C|SI, L, VI1B, Demeter_R|||||SII, C, VIII8, Risnoveanu_C|RIC, L, VI1B, Itu_L_M||||||SI, C, VI1A, Demeter_R|RIC, C, VI1A, Suciu_C||||||||||||MSC, L, VIII9, Boldisor_C_N|MSC, C, VIII9, Boldisor_C_N
2|SATI|4751|A||||SPEC, P, VIII16, Puiu_D|SPEC, C, VIII16, Puiu_D|||||||||CAIFAOS, C, VI1A, Stefan_I|||||PATR, C, VI1B, Stefan_I|PATR, L, VI1B, Stefan_I|CAIFAOS, L, VI1A, Stefan_I|||||SRVA, L, VIII16, Grigorescu_S_M|SRVA, C, VIII16, Grigorescu_S_M
2|SATI|4751|A||||SPEC, L, VIII16, Puiu_D|SPEC, C, VIII16, Puiu_D|||||||||CAIFAOS, C, VI1A, Stefan_I|||||PATR, C, VI1B, Stefan_I|PATR, L, VI1B, Stefan_I|CAIFAOS, P, VI1A, Stefan_I|||||SRVA, P, VIII16, Grigorescu_S_M|SRVA, C, VIII16, Grigorescu_S_M
2|SATI|4751|B
2|SATI|4751|B
2|SATI|4752|A|BDMD, C, VIII8, Perniu_L|BDMD, L, VIII8, Perniu_L||||MIPPD, L, VIII13, Danila_A|MIPPD, C, VIII13, Danila_A|||||CSVPI, L, VIV5A, Kristaly_D_M|CSVPI, C, VIII14, Kristaly_D_M|TTCDA, C, VI1A, Demeter_R||||||||||||PAMCVP, C, VIV5A, Popa_Lumi|PAMCVP, L, VIV5A, Popa_Lumi
2|SATI|4752|A|BDMD, C, VIII8, Perniu_L|BDMD, L, VIII8, Perniu_L||||MIPPD, L, VIII13, Danila_A||||||CSVPI, P, VIV5A, Kristaly_D_M|CSVPI, C, VIII14, Kristaly_D_M|TTCDA, L, VI1A, Demeter_R||||||||||||PAMCVP, C, VIV5A, Popa_Lumi
2|SATI|4752|B
2|SATI|4752|B
1|SECI|4763|A||||CO, S, DI1, Ursutiu_D|CD, P, KB10, Croitoru_O|||||||CD, L, KB10, Croitoru_O|CD, C, KB14, Croitoru_O|||||ME, C, CP28, Cotfas_D_T|||||||ME, L, CI36, Cotfas_D_T||APC, C, KB14, Borza_P_N|||||SODTR, C, KB14, Kertesz_C_Z|APC, L, NII4, Borza_P_N|SODTR, L, KB10, Kertesz_C_Z
1|SECI|4763|A||||CO, S, DI1, Ursutiu_D|CO, C, CP28, Ursutiu_D||||||||CD, P, KB10, Croitoru_O|||||ME, C, CP28, Cotfas_D_T|||||||ME, L, CI36, Cotfas_D_T||APC, C, KB14, Borza_P_N|||||SODTR, C, KB14, Kertesz_C_Z
1|SECI|4763|B||||CO, S, DI1, Ursutiu_D|CD, P, KB10, Croitoru_O||||||||CD, C, KB14, Croitoru_O||||ME, L, CI36, Cotfas_D_T|ME, C, CP28, Cotfas_D_T|||||||||APC, C, KB14, Borza_P_N|||||SODTR, C, KB14, Kertesz_C_Z
1|SECI|4763|B||||CO, S, DI1, Ursutiu_D|CO, C, CP28, Ursutiu_D|||||||CD, L, KB10, Croitoru_O|CD, P, KB10, Croitoru_O||||ME, L, CI36, Cotfas_D_T|ME, C, CP28, Cotfas_D_T|||||||||APC, C, KB14, Borza_P_N|||||SODTR, C, KB14, Kertesz_C_Z|APC, L, NII4, Borza_P_N|SODTR, L, KB10, Kertesz_C_Z
1|SECI|4765|A|||||CD, P, KB10, Croitoru_O|CO, S, DI1, Ursutiu_D|||||||CD, C, KB14, Croitoru_O|CD, L, KB10, Croitoru_O||||ME, C, CP28, Cotfas_D_T||ME, L, CI36, Cotfas_D_T|||||||APC, C, KB14, Borza_P_N|||||SODTR, C, KB14, Kertesz_C_Z|SODTR, L, KB10, Kertesz_C_Z|APC, L, NII4, Borza_P_N
1|SECI|4765|A|||||CO, C, CP28, Ursutiu_D|CO, S, DI1, Ursutiu_D|||||||CD, P, KB10, Croitoru_O|||||ME, C, CP28, Cotfas_D_T||ME, L, CI36, Cotfas_D_T|||||||APC, C, KB14, Borza_P_N|||||SODTR, C, KB14, Kertesz_C_Z
1|SECI|4765|B|||||CD, P, KB10, Croitoru_O|CO, S, DI1, Ursutiu_D|||||||CD, C, KB14, Croitoru_O|||||ME, C, CP28, Cotfas_D_T|ME, L, CI36, Cotfas_D_T||||||||APC, C, KB14, Borza_P_N|||||SODTR, C, KB14, Kertesz_C_Z
1|SECI|4765|B|||||CO, C, CP28, Ursutiu_D|CO, S, DI1, Ursutiu_D|||||||CD, P, KB10, Croitoru_O|CD, L, KB10, Croitoru_O||||ME, C, CP28, Cotfas_D_T|ME, L, CI36, Cotfas_D_T||||||||APC, C, KB14, Borza_P_N|||||SODTR, C, KB14, Kertesz_C_Z|SODTR, L, KB10, Kertesz_C_Z|APC, L, NII4, Borza_P_N
2|SECI|4753|A||||||RIC,C, KB8, Robu_D_N||||||CMCM, L, KB13, Alexandru_M|CMCM, P, KB6, Alexandru_M||||||CMCM, C, KB6, Alexandru_M|PTRCD, C, KB8, Curpen_D_M|||PTRCD, L, KB8, Curpen_D_M|||MP, P, KB8, Stanca_A_C|BDDT, C, KB12, Croitoru_O|||||||BDDT, L, KB12, Croitoru_O
2|SECI|4753|A||||||RIC,C, KB8, Robu_D_N|RIC,S, KB8, Robu_D_N||||||PTRCD, P, KB6, Curpen_D_M||||||CMCM, C, KB6, Alexandru_M|PTRCD, C, KB8, Curpen_D_M||||||BDDT, P, KB12, Croitoru_O|MP, C, KB8, Stanca_A_C|||||||BDDT, L, KB12, Croitoru_O
2|SECI|4753|B||||||RIC,C, KB8, Robu_D_N|||||||CMCM, P, KB6, Alexandru_M||||||CMCM, C, KB6, Alexandru_M|PTRCD, C, KB8, Curpen_D_M||PTRCD, L, KB12, Curpen_D_M||||MP, P, KB8, Stanca_A_C|BDDT, C, KB12, Croitoru_O||||||BDDT, L, KB12, Croitoru_O
2|SECI|4753|B||||||RIC,C, KB8, Robu_D_N|RIC,S, KB8, Robu_D_N|||||CMCM, L, KB13, Alexandru_M|PTRCD, P, KB6, Curpen_D_M||||||CMCM, C, KB6, Alexandru_M|PTRCD, C, KB8, Curpen_D_M||||||BDDT, P, KB12, Croitoru_O|MP, C, KB8, Stanca_A_C||||||BDDT, L, KB12, Croitoru_O
2|SECI|4755|A|||||TTVF, S, KB10, Durnea_N_T|TTVF, C, KB2, Durnea_N_T||||||PASIC, P, KB8, Nicula_D|PASIC, C, KB8, Nicula_D||||||PSV, C, KB8, Nedelcu_A_V|PSV, L, KB10, Nedelcu_A_V|||||||||||||PACE, C, KB8, Carp_M_C|PACE, P, KB8, Carp_M_C
2|SECI|4755|A|||||PSV, C, KB2, Stanca_A_C|TTVF, C, KB2, Durnea_N_T||||||PASIC, L, KB8, Nicula_D|PASIC, C, KB8, Nicula_D||||||PSV, C, KB8, Nedelcu_A_V|PSV, L, KB10, Nedelcu_A_V||||||MP, P, KB8, Stanca_A_C|MP, C, KB8, Stanca_A_C||||||PACE, C, KB8, Carp_M_C
2|SECI|4755|B|||||TTVF, S, KB10, Durnea_N_T|TTVF, C, KB2, Durnea_N_T||||||PASIC, P, KB8, Nicula_D|PASIC, C, KB8, Nicula_D||||||PSV, C, KB8, Nedelcu_A_V||PSV, L, KB10, Nedelcu_A_V||||||||||||PACE, C, KB8, Carp_M_C|PACE, P, KB8, Carp_M_C
2|SECI|4755|B|||||PSV, C, KB2, Stanca_A_C|TTVF, C, KB2, Durnea_N_T|||||PASIC, L, KB8, Nicula_D||PASIC, C, KB8, Nicula_D||||||PSV, C, KB8, Nedelcu_A_V||PSV, L, KB10, Nedelcu_A_V|||||MP, P, KB8, Stanca_A_C|MP, C, KB8, Stanca_A_C||||||PACE, C, KB8, Carp_M_C
1|SEA|4766|A|||||MCE, C, NP15, Helerea_E|MNAS,C,NP19, Sorea_G_D|MCE, P, NP15, Lepadat_I|||||SMAD,C,NP17, Lelutiu_L_M|SMAD,L,NP17, Lelutiu_L_M|MNAS,L,NII8, Sorea_G_D|||||SSEE, C, NP18, Georgescu_M_C|MCE, L, NP15, Abagiu_F_S|MNAS,L,NP19, Sorea_G_D|||||SSEE, L, NP18, Barote_L||||||CCE, L, NP18, Clotea_L_R|CCE, C, NP18, Clotea_L_R||CCE, P, NP18, Clotea_L_R
1|SEA|4766|A||||||||||||SMAD,C,NP17, Lelutiu_L_M||MNAS,L,NII8, Sorea_G_D|||||SSEE, C, NP18, Georgescu_M_C||MNAS,L,NP19, Sorea_G_D||||||||||||CCE, C, NP18, Clotea_L_R
1|SEA|4766|B|||||MCE, C, NP15, Helerea_E|MNAS,C,NP19, Sorea_G_D|MCE, P, NP15, Lepadat_I|||||SMAD,C,NP17, Lelutiu_L_M|||||||SSEE, C, NP18, Georgescu_M_C||||||||||||||CCE, C, NP18, Clotea_L_R|CCE, L, NP18, Clotea_L_R|CCE, P, NP18, Clotea_L_R
1|SEA|4766|B||||||||||||SMAD,C,NP17, Lelutiu_L_M|SMAD,L,NP17, Lelutiu_L_M||||||SSEE, C, NP18, Georgescu_M_C|MCE, L, NP15, Abagiu_F_S||||||SSEE, L, NP18, Barote_L|||||||CCE, C, NP18, Clotea_L_R
1|SEA|4767|A|||||MCE, C, NP15, Helerea_E|MNAS,C,NP19, Sorea_G_D||||||SMAD,C,NP17, Lelutiu_L_M|MNAS,L,NII8, Sorea_G_D|SMAD,L,NP17, Lelutiu_L_M|||||SSEE, C, NP18, Georgescu_M_C||||||||SSEE, L, NP18, Barote_L||||||CCE, C, NP18, Clotea_L_R
1|SEA|4767|A||||||MCE, L, NP15, Lepadat_I|MCE, P, NP15, Lepadat_I|||||SMAD,C,NP17, Lelutiu_L_M|MNAS,L,NII8, Sorea_G_D||||||SSEE, C, NP18, Georgescu_M_C|||||||||||||CCE, L, NP18, Clotea_L_R|CCE, C, NP18, Clotea_L_R||CCE, P, NP18, Clotea_L_R
1|SEA|4767|B|||||MCE, C, NP15, Helerea_E|MNAS,C,NP19, Sorea_G_D||||||SMAD,C,NP17, Lelutiu_L_M|||||||SSEE, C, NP18, Georgescu_M_C|MNAS,L,NP19, Sorea_G_D|||||||||||||CCE, C, NP18, Clotea_L_R
1|SEA|4767|B|||||MCE, L, NP15, Lepadat_I||MCE, P, NP15, Lepadat_I|||||SMAD,C,NP17, Lelutiu_L_M||SMAD,L,NP17, Lelutiu_L_M|||||SSEE, C, NP18, Georgescu_M_C|MNAS,L,NP19, Sorea_G_D|||||||SSEE, L, NP18, Barote_L||||||CCE, C, NP18, Clotea_L_R|CCE, L, NP18, Clotea_L_R|CCE, P, NP18, Clotea_L_R
2|SEA|4756|A|||||CSHE, C, NP18, Marinescu_C|MicroHidr,L, NII8, Ion_C_P|MicroHidr,C, NII8, Ion_C_P|||||IESP,L,NII8, Marinescu_C|CEOL, C, NP18, Clotea_L_R|IESP,P,NII8, Marinescu_C||||||IESP,C,NP18, Marinescu_C||||||CAD, C, NII8, Serban_I|CAD, L, NII8, Serban_I|CEOL,L, NP18, Barote_L
2|SEA|4756|A|||||CSHE, C, NP18, Marinescu_C|CSHE, L, NI6, Marinescu_C|MicroHidr,C, NII8, Ion_C_P||||||CEOL, C, NP18, Clotea_L_R|||||||CSHE, P, NP18, Marinescu_C||||||CAD, P, NII8, Serban_I
2|SEA|4756|B|||||CSHE, C, NP18, Marinescu_C|CSHE, L, NI6, Marinescu_C|MicroHidr,C, NII8, Ion_C_P||||||CEOL, C, NP18, Clotea_L_R|IESP,P,NII8, Marinescu_C||||||IESP,C,NP18, Marinescu_C||||||CAD, C, NII8, Serban_I
2|SEA|4756|B|||||CSHE, C, NP18, Marinescu_C|MicroHidr,L, NII8, Ion_C_P|MicroHidr,C, NII8, Ion_C_P|||||IESP,L,NII8, Marinescu_C|CEOL, C, NP18, Clotea_L_R|||||||CSHE, P, NP18, Marinescu_C||||||CAD, P, NII8, Serban_I|CAD, L, NII8, Serban_I|CEOL,L, NP18, Barote_L
